CILINDRO DE RUEDA PRENCO;;;;;;;;;;;
Codigo;DESCRIPCIÓN;CANTIDAD;MEDIDA;MEDIDA;MEDIDA;C0STO ;PRECIO CARACAS;PRECIO ORIEMTE;CATEGORIA;EQUIVALENCIA;MARCA
F13387;Cilindro de Rueda Chevrolet Blazer, C10, C15, C30 (69/73), Impala (60/64), Trasero Izquierdo.;;"1""";;;5,00;11,11;12,50;CILINDRO DE RUEDA ;WC13387;PRENCO
F13388;Cilindro de Rueda Chevrolet Blazer, C10, C15, C30 (69/73), Impala (60/64), Trasero Derecho.;;"1""";;;5,00;11,11;12,50;CILINDRO DE RUEDA ;WC13388;PRENCO
F24489;Cilindro de Rueda IHC International Truck Series: 160, 1600, 1650, Chevolet Truck Series: 60, 600, 6000 (1980), Ford F-750 Series (65/78), Trasero.;;"1-5/8""";;;5,00;11,11;12,50;CILINDRO DE RUEDA ;WC24489;PRENCO
F28805;Cilindro de Rueda Fairlane 500, Falcon, LTD (62/71), Mustang (64/72), Thunderbird (59/60), Torino, Gran Torino (67/71) Trasero Derecho.;;"29/32""";;;5,00;11,11;12,50;CILINDRO DE RUEDA ;WC36020;PRENCO
F34876;"Cilindro de Rueda Dodge Dart (63/76), Valiant (60/76), Ford Fairmont, Zephyr (78/83), Falcon (60/65), LTD (83/86), Javelin (1972) Trasero,   Bandas 9""";;"13/16""";;;5,00;11,11;12,50;CILINDRO DE RUEDA ;WC34876;PRENCO
F45873;Cilindro de Rueda Chevrolet Camaro (67/75), Caprice (77/96), Impala (77/85), Malibú, Monte Carlo (70/75), Nova (67/75);;"7/8""";;;5,00;11,11;12,50;CILINDRO DE RUEDA ;WC37024;PRENCO
F45997;Cilindro de Rueda Chverolet Blazer (69/70), C10, C15 (64/71), Jimmy (70/72) Delantero Izquierdo.;;"1-1/8""";;;5,00;11,11;12,50;CILINDRO DE RUEDA ;;PRENCO
F49331;Cilindro de Rueda Ford Falcon (66/70), Maverick (70/72), Mustang (64/70) Trasero.;;"27/32""";;;5,00;11,11;12,50;CILINDRO DE RUEDA ;WC37108;PRENCO
F71210;Cilindro de Rueda Malibú (68/72), Monte Carlo (1970) Delantero Izquierdo.;;"1-1/8""";;;5,00;11,11;12,50;CILINDRO DE RUEDA ;WC37112;PRENCO
F71211;Cilindro de Rueda Malibú (68/72), Monte Carlo (1970) Delantero Derecho.;;"1-1/8""";;;5,00;11,11;12,50;CILINDRO DE RUEDA ;WC37113;PRENCO
F78978;Cilindro de Rueda Ford Conquistador (74/79), Country Squire (73/91), Galaxie 500 (73/74), LTD (73/78) Trasero.;;"1""";;;5,00;11,11;12,50;CILINDRO DE RUEDA ;WC37271;PRENCO
F79985;Cilindro de Rueda Ford Falcon (60/74), Mustang (74/78), AMC Hornet (71/76), Javelin (71/74) Trasero.;;"7/8""";;;5,00;11,11;12,50;CILINDRO DE RUEDA ;WC37029;PRENCO
F90549;   Cilindro de Rueda Volkswagen Beetle Escarabajo, (68/78) Delantero;;"7/8""";;;7,50;16,67;18,75;CILINDRO DE RUEDA ;WC37109;PRENCO
F96615;Cilindro de Rueda Carcasa de Aluminio Nissan series: Maxima;;22.2mm;;;5,00;11,11;12,50;CILINDRO DE RUEDA ;;PRENCO
F96774;Cilindro de Rueda Toyota Pickup 4x4 (75/83) Trasero.;;"11/16""";;;5,00;11,11;12,50;CILINDRO DE RUEDA ;WC37375;PRENCO
F96846;Cilindro Toyota Pickup 4x2 (79/93), Previa (92/96) Trasero.;;"7/8""";;;5,00;11,11;12,50;CILINDRO DE RUEDA ;WC47420;PRENCO
F106492;"Cilindro de Rueda Ford: Aerostar (86/89), Bronco II (83/89), Ranger (83/97), Mazda Pickup B2300/2500/3000/4000 (97/98) Bandas de  9""";;"3/4""";;;5,00;11,11;12,50;CILINDRO DE RUEDA ;;PRENCO
F106911;Cilindros de Rueda Renault R5 LeCar (76/83) Trasero.;;21.9mm;;;5,00;11,11;12,50;CILINDRO DE RUEDA ;WC37450;PRENCO
F107475;Cilindro de Rueda Dodge LeBaron (84/86), New Yorker, Town & Country (83/88);;"9/16""";;;5,00;11,11;12,50;CILINDRO DE RUEDA ;WC37590;PRENCO
F107476;Cilindro de Rueda Dodge LeBaron (82/91), Neon (95/99);;"5/8""";;;5,00;11,11;12,50;CILINDRO DE RUEDA ;WC37564;PRENCO
F108106;Cilindro de Rueda Hyundai Series : Accent, Excel, Elantra Trasero Izquierdo.;;"7/8""";;;5,00;11,11;12,50;CILINDRO DE RUEDA ;WC37592;PRENCO
F108107;Cilindro de Rueda Hyundai Series: Accent, Excel, Elantra Trasero Derecho.;;"7/8""";;;5,00;11,11;12,50;CILINDRO DE RUEDA ;WC37591;PRENCO
F108537;Cilindro de Rueda Honda Accord (82/85), Prelude 83 ;;"3/4""";;;5,00;11,11;12,50;CILINDRO DE RUEDA ;WC37584;PRENCO
F109532;Cilindro de Rueda Dodge Caravan (84/95), Jeep Cherokee (90/96), Comanche (90/91), Voyager (84/95), Wagoneer (90);;"3/4""";;;5,00;11,11;12,50;CILINDRO DE RUEDA ;WC37844;PRENCO
F110260;Cilindro de Rueda Chevrolet Malibú (78/83), Monte Carlo (78/88) Trasero;;"3/4""";;;6,00;13,33;15,00;CILINDRO DE RUEDA ;WC37625;PRENCO
F110261;Cilindro de Rueda, S & T10 Blazer (82/88), Pickup, Jimmy (82/88);;"7/8""";;;5,00;11,11;12,50;CILINDRO DE RUEDA ;WC37644;PRENCO
F110873;Cilindros de Rueda Ford Bronco II (84/90), Ranger (84/94) Trasero.;;"13/16""";;;5,00;11,11;12,50;CILINDRO DE RUEDA ;WC37640;PRENCO
F112409;"Cilindro de Rueda Ford: Aerostar (86/89), Ranger (87/94), Mazda Pickup B2300/3000/4000  Zapatas 10x2-1/2""                ";;"13/16""";;;5,00;11,11;12,50;CILINDRO DE RUEDA ;;PRENCO
F113468;Cilindro de Rueda Chevrolet Series: Cavalier,Celebrity,Century 84/87 Con Grapa ;;"13/16""";;;6,00;13,33;15,00;CILINDRO DE RUEDA ;;PRENCO
F116263;Cilindro de Rueda Chevrolet Series: C10, C15 Pickup (88/92), C20 Pickup (88), Grand Blazer (93/94);;"1-1/8""";;;5,00;11,11;12,50;CILINDRO DE RUEDA ;WC37784;PRENCO
F118300;Cilindro de Rueda Suzuki Sidekick Jeep,Tracker (89/90) Trasero Izquierdo.;;23.81mm;;;5,00;11,11;12,50;CILINDRO DE RUEDA ;WC37803;PRENCO
F118301;Cilindro de Rueda Suzuki Sidekick Jeep, Tracker (89/90) Trasero Derecho.;;23.81mm;;;5,00;11,11;12,50;CILINDRO DE RUEDA ;WC37802;PRENCO
F122406;Cilindro de Rueda Ford Explorer (91/94) Trasero.;;"7/8""";;;5,00;11,11;12,50;CILINDRO DE RUEDA ;WC37856;PRENCO
F128183;Cilindro de Rueda Honda Accord (1989) Trasero.;;"13/16""";;;5,00;11,11;12,50;CILINDRO DE RUEDA ;WC37845;PRENCO
F131650;Cilindro de Rueda Subaru Forester (98), Impreza (93) Trasero.;;"3/4""";;;5,00;11,11;12,50;CILINDRO DE RUEDA ;WC37983;PRENCO
;Cilindro de Rueda Chrysler/Dodge, Town & Country Van, Dodge Caravan, Voyager (94/95)  (Tracciòn Delantera)         ;;"11/16""";;;5,00;11,11;12,50;CILINDRO DE RUEDA ;WC83031;PRENCO
;"Cilindro De Rueda Lada series:Samara,Niva;Fiat series: Uno,Spazio,147 Tucán Rosca Gruesa";;;;;6,00;13,33;15,00;CILINDRO DE RUEDA ;;PRENCO
;   Cilindro de Rueda Volkswagen Beetle Escarabajo, (71/75) Delantero/Tras.;;23mm;;;7,50;16,67;18,75;CILINDRO DE RUEDA ;WC37216;PRENCO
;;;;;;;;;;;
;;;;;;;;;;;
CILINDRO DE RUEDA XC;;;;;;;;;;;
CODIGO;DESCRIPCIÓN;;MEDIDAS ;;;C0STO ;PRECIO CARACAS;PRECIO ORIEMTE;;;
CF022000L;Cilindro de Rueda Chevrolet Aveo;;"13/16""";;;9,00;20,00;22,50;CILINDRO DE RUEDA ;;XC
;Cilindro de Rueda Chevrolet Silverado (2006/2009) carcasa de aluminio;;22mm;;;12,00;26,67;30,00;CILINDRO DE RUEDA ;37785;XC
;Cilindro de Rueda Volkswagen Jetta/Golf (79/92) Trasero. ;;"11/16""";;;8,40;18,67;21,00;CILINDRO DE RUEDA ;;XC
 ;Cilindro de Rueda Chevrolet Corsa;;"11/16""";;;0;0,00;0,00;CILINDRO DE RUEDA ;;XC
WC15533;Cilindro de Rueda Chevrolet Silverado/Colorado (2009/2013);;"15/16""";;;10,00;22,22;25,00;CILINDRO DE RUEDA ;;XC
;Cilindro de Rueda Renault Twingo;;20,64mm;;;9,00;20,00;22,50;CILINDRO DE RUEDA ;WC39467;XC
WC37250;Cilindro de rueda Ford Series: F350 87/92 Tras. Izq.;;"1-3/16""";;;15,00;33,33;37,50;CILINDRO DE RUEDA ;WC37250;XC
WC37251;Cilindro de rueda Ford Series: F350 87/92 Tras. Der.;;"1-3/16""";;;15,00;33,33;37,50;CILINDRO DE RUEDA ;WC37251;XC
WC37646;Cilindro De Rueda Toyota Corolla Tras. Der.;;"11/16""";;;9,00;20,00;22,50;CILINDRO DE RUEDA ;WC37646;XC
WC37637;Cilindro De Rueda Toyota Corolla Tras. Izq.;;"11/16""";;;9,00;20,00;22,50;CILINDRO DE RUEDA ;WC37637;XC
F116229;Cilindro de Rueda Ford Festiva 88/93;;"5/8""";;;8,50;18,89;21,25;CILINDRO DE RUEDA ;;XC
WC37866;Cilindro de rueda Mitsubishi Series: Mirage,Lancer 91/95;;"3/4""";;;9,00;20,00;22,50;CILINDRO DE RUEDA ;;XC
WC129595;Cilindro de rueda Mitsubishi Lancer 2003/2012, Chery Arauca,Nissan Serie D15;;"3/4""";;;9,00;20,00;22,50;CILINDRO DE RUEDA ;;XC
WC890988;Cilindro de Rueda Chevrolet Silverado Año 2007 Cabina Doble;;" 1-1/16""";;;12,00;26,67;30,00;CILINDRO DE RUEDA ;;XC
;;;;;;;;;;;
;;;;;;;;;;;
CILINDRO DE RUEDA WOLF ITALY ;;;;;;REFERENCIA O EQUIVALENCIA ;;;;;
CODIGO;DESCRIPCIÓN;;MEDIDAS ;;;C0STO ;PRECIO CARACAS;PRECIO ORIEMTE;;;
1161;Cilindro de Rueda Fiat series: Strada Pickup;;"19""";;;15,00;33,33;37,50;CILINDRO DE RUEDA ;;WOLF ITALY
1282;Cilindro de Rueda Chevrolet Silverado/Colorado, (2009/2013);;"15/16""";;;10,00;22,22;25,00;CILINDRO DE RUEDA ;;WOLF ITALY
1294;Cilindro de Rueda Chevrolet Aveo ;;"13/16""";;;10,00;22,22;25,00;CILINDRO DE RUEDA ;;WOLF ITALY
2028;Cilindro de Rueda Renault series: Kangoo Carcasa de Aluminio;;22mm;;;20,00;44,44;50,00;CILINDRO DE RUEDA ;;WOLF ITALY
2060;Cilindro de Rueda Chevrolet Spark, Daewoo Matiz;;17.46mm;;;15,00;33,33;37,50;CILINDRO DE RUEDA ;;WOLF ITALY
2078;Cilindro de Rueda Renault series: Clio Carcasa de Aluminio;;17.46mm;;;20,00;44,44;50,00;CILINDRO DE RUEDA ;;WOLF ITALY
2164;Cilindro de Rueda Toyota Land Cruiser, 4 Runner, Hiace;;"1""";;;10,00;22,22;25,00;CILINDRO DE RUEDA ;;WOLF ITALY
2245;Cilindro de Rueda Chevrolet Corsa;;"11/16""";;;0,00;0,00;0,00;CILINDRO DE RUEDA ;;WOLF ITALY
2248;Cilindro de Rueda Chevrolet series: Aveo, Astra. Daewoo Series: Matiz, Cielo, Espero, Lanos, Racer,Corsa;;"3/4""";;;9,00;20,00;22,50;CILINDRO DE RUEDA ;;WOLF ITALY
2326;Cilindro de Rueda Volkswagen Fox, Golf Carcasa de Aluminio;;17.46mm;;;15,00;33,33;37,50;CILINDRO DE RUEDA ;;WOLF ITALY
2564;KIA SERIES:RIO STYLUS;;17.46mm;;;10,00;22,22;25,00;CILINDRO DE RUEDA ;;WOLF ITALY
2693;Cilindro de Rueda Renault Twingo;;20.64mm;;;13,50;30,00;33,75;CILINDRO DE RUEDA ;;WOLF ITALY
2696;Cilindro de Rueda Renaut Logan;;17.46mm;;;15,00;33,33;37,50;CILINDRO DE RUEDA ;;WOLF ITALY
2912;Cilindro de Rueda Volks series: Gol, Jetta, Passat, Golf, Polo;;17.46mm;;;8,00;17,78;20,00;CILINDRO DE RUEDA ;;WOLF ITALY
2913;Cilindro de Rueda Volkswagen series: Golf, Jetta, Passat;;14.28mm;;;8,00;17,78;20,00;CILINDRO DE RUEDA ;;WOLF ITALY
;;;;;;;;;;;
;;;;;;;;;;;
BOMBA DE FRENO ;;;;;;REFERENCIA O EQUIVALENCIA ;;;;;
CODIGO;DESCRIPCIÓN;;MEDIDAS ;;;C0STO ;PRECIO CARACAS;PRECIO ORIEMTE;;;
7803;Bomba de Frenos Volkswagen Jetta/Golf (90/92), Fiat Tempra, Renault series: R-19/21, Twingo de 4 salidas;;20.64mm;;;54,00;120,00;135,00;BOMBA DE FRENO ;;
;Bomba de Freno Chevrolet: Malibu, C-10 (71/87), Jeep Wagoneer (74/79) = 101254;;"1-1/8""";;;0,00;0,00;0,00;BOMBA DE FRENO ;;Q Brake
;Bomba de Freno Dodge: Aspen, Dart, Coronet (71/78);;"1-1/32""";;;0,00;0,00;0,00;BOMBA DE FRENO ;;Q Brake
;Bomba de Frenos Chevrolet series: C-20, C-30;;"1-1/4""";;;0,00;0,00;0,00;BOMBA DE FRENO ;;Coni-Seal
BF-32069901;Bomba de Frenos Cheyenne 1500, Silverado, Avalanche, Tahoe (05/10);;"1""";;;0,00;0,00;0,00;BOMBA DE FRENO ;;TRW
QF-001;Bomba de Frenos Chevrolet Spark;;;;;32,00;71,11;80,00;BOMBA DE FRENO ;;Q Brake
QF-002;Bomba de Frenos Chevrolet Aveo-Optra ( 4 Tubos );;;;;50,30;111,78;125,75;BOMBA DE FRENO ;;Q Brake
QF-003;Bomba de Frenos Chevrolet Optra Design (07/12);;;;;0,00;0,00;0,00;BOMBA DE FRENO ;;Q Brake
QF-18014370-1;Bomba de Frenos Buick Century (92/93) Full Injection (12189);;;;;40,00;88,89;100,00;BOMBA DE FRENO ;;Q Brake
WC60581;Bomba de Frenos Chevrolet Aveo-Optra de 2 Conexiones;;;;;0,00;0,00;0,00;BOMBA DE FRENO ;;Q Brake
;;;;;;;;;;;
;;;;;;;;;;;
HIDROBOOSTER;;;;;;REFERENCIA O EQUIVALENCIA ;;;;;
CODIGO;DESCRIPCIÓN;MEDIDAS ;;;;C0STO ;PRECIO CARACAS;PRECIO ORIEMTE;;;
MXC100;Hidroboosters Para Ford Mustang 2002/2006;;;;;60,00;133,3;150,00;HIDROBOOSTER ;;
;;;;;;;;;;;
;;;;;;;;;;;
HIDROVACKS;;;;;;REFERENCIA O EQUIVALENCIA ;;;;;
CODIGO;DESCRIPCIÓN;MEDIDAS ;;;;C0STO ;PRECIO CARACAS;PRECIO ORIEMTE;;;
F2UZ2005-AX;Hidrovack para Ford series: F-350 (93/95);;;;;120,00;266,67;300,00;HIDROVACKS ;;Ford
F75Z-2005-GA;Hidrovack para Ford series: F-150 (99/04);;;;;120,00;266,67;300,00;HIDROVACKS ;;Ford
44610-09A10;Hidrovack para Toyota Corolla Explosion Nacional;;;;;120,00;266,67;300,00;HIDROVACKS ;;MXC
;;;;;;;;;;;
;;;;;;;;;;;
;;;;;;;;;;;
;;;;;;;;;;;
DISTRIBUIDORES DE LIGA MBM (USA);;;;;;;;;;;
Codigo de Fabricantes ;Descripción ;;;;;COSTO;CARACAS;ORIENTES;;EQUIVALENCIA;MARCA
PVM;Distribuidor en Bronce;;;;;60,00;133,33;150,00;DISTRIBUIDOR DE LIGA ;;
PVM-GMC;Distribuidor de Aluminio para Vehiculos GMC-Tahoe, Avalanche, Cheyenne 1500;;;;;42,00;93,33;105,00;DISTRIBUIDOR DE LIGA ;;
;;;;;;;;;;;
LIGA DE FRENO AC DELCO;;;;;;;;;;;
Codigo de Fabricantes ;Descripción ;;;;;COSTO;CARACAS;ORIENTES;;;
LF0,3LDOT3;Liga Bulto de 24 Unidades, Envases de 0,290 LTS;;;;;55,00;122,22;137,50;LIGA DE FRENO;;
LF0,3LDOT4;Liga Bulto de 24 Unidades, Envases de 0,290 Litros;;;;;57,50;127,78;143,75;LIGA DE FRENO;;
;;;;;;;;;;;
;;;;;;;;;;;
SILICONE KIT ;;;;;;;;;;;
Referencia ;Descripción ;;;;;COSTO;CARACAS;ORIENTES;;;
SILI;TUBO DE SILICON 5 GRS.KIT DE 2 UNIDADES;;;;;3,00;6,67;7,50;SILICONE ;;
;;;;;;;;;;;
;;;;;;;;;;;
;;;;;;;;;;;
;;;;;;;;;;;
;;;;;;;;;;;
;;;;;;;;;;;
;;;;;;;;;;;
;;;;;;;;;;;
;;;;;;;;;;;
;;;;;;;;;;;
;;;;;;;;;;;
;;;;;;;;;;;
;;;;;;;;;;;
;;;;;;;;;;;
;;;;;;;;;;;
;;;;;;;;;;;
;;;;;;;;;;;
;;;;;;;;;;;
;;;;;;;;;;;
;;;;;;;;;;;
;;;;;;;;;;;
;;;;;;;;;;;
;;;;;;;;;;;
;;;;;;;;;;;
;;;;;;;;;;;
;;;;;;;;;;;
;;;;;;;;;;;
;;;;;;;;;;;
;;;;;;;;;;;
;;;;;;;;;;;
;;;;;;;;;;;
;;;;;;;;;;;
;;;;;;;;;;;
;;;;;;;;;;;
PASTILLAS DE FRENO DASH4;;;;;;;;;;;
Referencia ;Descripción ;P.V.P $;CARACAS;ORIENTE;COSTO;CARACAS;ORIENTE;CATEGORIA;EQUIVALENCIA;MARCA;
CD976-7877;Pastillas de Frenos Toyota Series: 4Runner, Hilux 4x4 Kavak 4.0, Sequoia, Tundra (03/05) Delantera.;;;;45,50;101,11;113,75;PASTILLAS DE FRENO IMPORTADAS ;Cerámica;DASH4;
CD1273-8389;Pastillas de Frenos Jeep Series: Liberty (08/12) Delantera, Fórmula Cerámica;;;;57,50;127,78;143,75;PASTILLAS DE FRENO IMPORTADAS ;Cerámica;DASH5;
CD1303-8419;Pastillas de Frenos Toyota Series: Tundra, Delantera (07/19)                                                                    ;;;;50,00;111,11;125,00;PASTILLAS DE FRENO IMPORTADAS ;Cerámica;DASH6;
CD1455-8655;Pastillas de Frenos Jeep Series: Jeep Grand Cherokee (11/16) Delantera, Fórmula Cerámica;;;;67,50;150,00;168,75;PASTILLAS DE FRENO IMPORTADAS ;Cerámica;DASH7;
CD1508-8715;Pastillas De Frenos Ford Series: Explorer (2012) Delantera, Fórmula Cerámica;;;;55,00;122,22;137,50;PASTILLAS DE FRENO IMPORTADAS ;Cerámica;DASH8;
CD1611-8824;Pastillas De Frenos Ford Series: Explorer  (13/16) Delantera, Fórmula Cerámica;;;;57,50;127,78;143,75;PASTILLAS DE FRENO IMPORTADAS ;Cerámica;DASH9;
D52-728;Pastillas de Frenos Chevrolet Caprice (70/89) C-10 (71/86), Malibu (70/77) Jeep Wagoneer                                          ;;;;12,54;27,87;31,35;PASTILLAS DE FRENO IMPORTADAS ;Semi-Met.;DASH10;
D154-7070A;Pastillas de Frenos Chevrolet Malibu, Blazer, S10, Monte Carlo                                                              ;;;;12,54;27,86;31,34;PASTILLAS DE FRENO IMPORTADAS ;Semi-Met.;DASH11;
D436-7298A;Pastillas de Frenos  Toyota Macho, 4Runner, Hilux 4x4, Series Prado...                                                                   ;;;;22,50;50,00;56,25;PASTILLAS DE FRENO IMPORTADAS ;Semi-Met.;DASH12;
D606-7487;Pastillas de Frenos Toyota Land Cruiser (Burbuja) Trasera. ;;;;23,00;51,11;57,50;PASTILLAS DE FRENO IMPORTADAS ;Semi-Met.;DASH13;
D772-7639;Pastillas De Frenos Toyota series: Land Cruiser (Americano), 4Runner, Hilux 4x4, Semi Metálica;;;;30,00;66,67;75,00;PASTILLAS DE FRENO IMPORTADAS ;Semi-Met.;DASH14;
D924-7825;Pastillas De Frenos Hyundai Series: Tucson, Sonata 05, Tiburón, Elantra 07, Óptima, Sportage 06, Delantera, Semi Metálicas;;;;30,00;66,67;75,00;PASTILLAS DE FRENO IMPORTADAS ;Semi-Met.;DASH15;
D976-7877;Pastillas de Frenos Toyota Series: 4Runner, Hilux 4x4 Kavak 4.0, Sequoia,Tundra (03/05) Delantera.          ;;;;30,00;66,67;75,00;PASTILLAS DE FRENO IMPORTADAS ;Semi-Met.;DASH16;
D1035-7779;Pastillas de Frenos  Chevrolet Optra-Aveo (04/07)                                                                         ;;;;17,64;39,21;44,11;PASTILLAS DE FRENO IMPORTADAS ;Semi-Met.;DASH17;
D1522-8730 ;Pastillas de Frenos  Chevrolet Cruze (11/12) Delantera.                                                                        ;;;;27,39;60,87;68,48;PASTILLAS DE FRENO IMPORTADAS ;Semi-Met.;DASH18;
D1411-8523;Pastillas de Frenos Chevrolet C-3500 Delantera/Trasera (2011)                                                                      ;;;;26,00;57,78;65,00;PASTILLAS DE FRENO IMPORTADAS ;Semi-Met.;DASH19;
D1468-8668;Pastillas de Frenos Chevrolet Cruze (11/12) Trasera.                                                                       ;;;;21,36;47,46;53,39;PASTILLAS DE FRENO IMPORTADAS ;Semi-Met.;DASH20;
D1039-7943;Pastillas de Frenos Chevrolet Luv D-Max (2006) Delantra.                                                                       ;;;;20,89;46,43;52,23;PASTILLAS DE FRENO IMPORTADAS ;Semi-Met.;DASH21;
D1273-8389;Pastillas de Frenos Jeep Series: Liberty (08/12) Delantera, Semi Metálica;;;;35,00;77,78;87,50;PASTILLAS DE FRENO IMPORTADAS ;Semi-Met.;DASH22;
D1274-8390;Pastillas de Frenos Jeep Series: Liberty (08/12) Trasera, Semi Metálica;;;;35,00;77,78;87,50;PASTILLAS DE FRENO IMPORTADAS ;Semi-Met.;DASH23;
D1328-8440;Pastillas de Frenos Ford Econoline E-150 (2008) (Ambulancia) Delantera.                                                         ;;;;40,00;88,89;100,00;PASTILLAS DE FRENO IMPORTADAS ;Semi-Met.;DASH24;
D1329-8441;Pastillas de Frenos Ford Econoline E-150 (2008) (Ambulancia) Trasera.;;;;42,00;93,33;105,00;PASTILLAS DE FRENO IMPORTADAS ;Semi-Met.;DASH25;
D1333-7974;Pastillas de Frenos Ford F-250/350 Super Duty (2011) Delantera                                                                  ;;;;26,93;59,84;67,32;PASTILLAS DE FRENO IMPORTADAS ;Semi-Met.;DASH26;
D1334-8652/7973;Pastillas de Frenos Ford F-250/350 Super Duty (11/12) Trasera.                                                           ;;;;0,00;0,00;0,00;PASTILLAS DE FRENO IMPORTADAS ;Semi-Met.;DASH27;
D1391-8500;Pastillas De Frenos Toyota series: Sienna 18…, Highlander 19…, Trasera, Semi metálica;;;;35,00;77,78;87,50;PASTILLAS DE FRENO IMPORTADAS ;Semi-Met.;DASH28;
D1498-8698;Pastillas De Frens Jeep series: Grand Cherokee (11/16) Traseras, Semi Metálica;;;;35,00;77,78;87,50;PASTILLAS DE FRENO IMPORTADAS ;Semi-Met.;DASH29;
D1571-8780;Pastillas De Freno Toyota Series: Corolla (07/12), Delantera (7156) Semi Metálicas;;;;35,00;77,78;87,50;PASTILLAS DE FRENO IMPORTADAS ;Semi-Met.;DASH30;
D1572-8781;Pastillas De Freno Toyota Series: Corolla (07/12), Trasera (7157) Semi Metálicas;;;;30,00;66,67;75,00;PASTILLAS DE FRENO IMPORTADAS ;Semi-Met.;DASH31;
D1602-8816;Pastillas de Frenos Ford Series: F-150 (12/19), Ambulancia, Trasera                                                        ;;;;30,00;66,67;75,00;PASTILLAS DE FRENO IMPORTADAS ;Semi-Met.;DASH32;
D1612-8825;Pastillas De Frenos Ford Series: Explorer (13/16) Trasera, Semi Metálicas;;;;37,50;83,33;93,75;PASTILLAS DE FRENO IMPORTADAS ;Semi-Met.;DASH33;
D1680-8909;Pastillas De Frenos Ford F350 Super Duty (13/14) Delantera;;;;34,82;77,38;87,05;PASTILLAS DE FRENO IMPORTADAS ;Semi-Met.;DASH34;
D1691-8918;Pastillas De Frenos Ford F350 Super Duty (13/14) Trasera.;;;;31,11;69,13;77,77;PASTILLAS DE FRENO IMPORTADAS ;Semi-Met.;DASH35;
;;;;;;;;;;;
;;;;;;;;;;;
PASTILLAS DE FRENO GIC;;;;;;;;;;;
Referencia ;Descripción ;;;;P.V.P $;CARACAS;ORIENTE;;;;
D50-788;Pastilla de Freno Ford Series: F-150, Galaxie 500, Fairlane 500, Bronco (80);;;;10,81;24,03;27,03;PASTILLAS DE FRENO IMPORTADAS ;Semi-Met.;GIC;
D152-7072A;Pastilla de FrenoFord: Series Cougar/Zephyr/Fairmont;;;;11,64;25,86;29,09;PASTILLAS DE FRENO IMPORTADAS ;Semi-Met.;GIC;
D369-7259; Pastilla de Freno Chevrolet Grand Blazer/C-1500/Dodge Ram T-2500…98;;;;14,04;31,20;35,10;PASTILLAS DE FRENO IMPORTADAS ;Semi-Met.;GIC;
D465-7345;Pastilla de Freno Honda Series: Civic (00/04) Delantera.;;;;13,85;30,77;34,61;PASTILLAS DE FRENO IMPORTADAS ;Semi-Met.;GIC;
D497-7376;Pastilla de Freno Hyundai Accent, Excel.;;;;10,29;22,87;25,73;PASTILLAS DE FRENO IMPORTADAS ;Semi-Met.;GIC;
D537-7418;Pastilla de Freno Honda Series: Civic, Accord (2002) Trasera.;;;;13,85;30,77;34,61;PASTILLAS DE FRENO IMPORTADAS ;Semi-Met.;GIC;
D679-7558;Pastilla de FrenoFord Series: F-150 (96/00), Lariat (96/00) Triton 98 Delantera                                                        ;;;;12,18;27,06;30,44;PASTILLAS DE FRENO IMPORTADAS ;Semi-Met.;GIC;
D726-7593;Pastilla de Freno Chevrolet Blazer (99/01) Delantera.;;;;15,98;35,50;39,94;PASTILLAS DE FRENO IMPORTADAS ;Semi-Met.;GIC;
D756-7625;Pastilla de FrenoFord Series: F250/350 Super Duty Delantera (98/02);;;;21,13;46,94;52,81;PASTILLAS DE FRENO IMPORTADAS ;Semi-Met.;GIC;
D833-7706;Pastilla de FrenoFord Explorer (01/02) Delantera.;;;;12,57;27,93;31,42;PASTILLAS DE FRENO IMPORTADAS ;Semi-Met.;GIC;
D866-7741;Pastilla de Freno Mitsubishi Series: Lancer Touring 2.0 (08/13), Outlander (07/10), Galant (04/11), Chrysler, Dodge Sebring, Caliber (08/11);;;;14,06;31,25;35,15;PASTILLAS DE FRENO IMPORTADAS ;Semi-Met.;GIC;
D904-7782;Pastilla de Freno Mitsubishi Lancer 1.6 (02/08);;;;11,61;25,81;29,03;PASTILLAS DE FRENO IMPORTADAS ;Semi-Met.;GIC;
D1011-7915;Pastilla de Freno Ford Series: Tritòn F-150 4x4 (05/07) Delantera.;;;;13,30;29,56;33,26;PASTILLAS DE FRENO IMPORTADAS ;Semi-Met.;GIC;
D1037-7940;Pastilla de Freno Mitsubishi Lancer Touring 2.0 (08/11) Trasera.;;;;0,00;0,00;0,00;PASTILLAS DE FRENO IMPORTADAS ;Semi-Met.;GIC;
D1044-7947;Pastilla de Freno Mazda 3  1.6 y 2.0 cc, (04/07) / Mazda 5 (06/07) Delantera.;;;;14,93;33,17;37,32;PASTILLAS DE FRENO IMPORTADAS ;Semi-Met.;GIC;
D1092-7997;Pastilla de Freno Chevrolet Silverado 1500 (03/06), Cheyenne 1500 (05/06), Avalanche 2500, (2005) Delantera.                      ;;;;16,81;37,36;42,03;PASTILLAS DE FRENO IMPORTADAS ;Semi-Met.;GIC;
D1109-8214;Pastilla de Freno Ford Explorer (2010), Jeep Liberty (2004) Trasera.;;;;0,00;0,00;0,00;PASTILLAS DE FRENO IMPORTADAS ;Semi-Met.;GIC;
D1158-8268;Pastilla de Freno Ford Explorer (06/07) Delantera.;;;;16,32;36,26;40,79;PASTILLAS DE FRENO IMPORTADAS ;Semi-Met.;GIC;
D1169-8282;Pastilla de Freno Chevrolet Trail Blazer (06/07), Delantera.;;;;14,06;31,25;35,15;PASTILLAS DE FRENO IMPORTADAS ;Semi-Met.;GIC;
D1273-8389;Pastilla de Freno Jeep Liberty (08/12) Delantera.;;;;16,23;36,06;40,57;PASTILLAS DE FRENO IMPORTADAS ;Semi-Met.;GIC;
D1274-8390;Pastilla de Freno Jeep Liberty (08/12) Trasera.;;;;19,00;42,23;47,50;PASTILLAS DE FRENO IMPORTADAS ;Semi-Met.;GIC;
D1316-8430;Pastilla de FrenoIveco Truck Power Daily 50-12;;;;20,00;44,44;50,00;PASTILLAS DE FRENO IMPORTADAS ;Semi-Met.;GIC;
D1328-8440;Pastilla de FrenoFord Econoline E-150 (Ambulancia) (2008) Delantera.;;;;19,05;42,32;47,61;PASTILLAS DE FRENO IMPORTADAS ;Semi-Met.;GIC;
D1573-8783;Pastilla de Freno Mazda Series: BT-50 Pickup;;;;23,21;51,57;58,01;PASTILLAS DE FRENO IMPORTADAS ;Semi-Met.;GIC;
D1677-8906;Pastilla de Freno Luv D-Max (2014) Delantera.;;;;21,97;48,82;54,93;PASTILLAS DE FRENO IMPORTADAS ;Semi-Met.;GIC;
D1691-8918;Pastilla de Freno Ford F350 Super Duty (13/14) Trasera.;;;;23,88;53,06;59,69;PASTILLAS DE FRENO IMPORTADAS ;Semi-Met.;GIC;
;;;;;;;;;;;
;;;;;;;;;;;
PASTILLAS DE FRENO X-TENDER;;;;;;;;;;;
Referencia ;Descripción ;;;;P.V.P $;CARACAS;ORIENTE;;;;
E897A;Iveco Autobusete 70C16 HD;;;;54,17;120,38;135,43;PASTILLAS DE FRENO IMPORTADAS ;Semi-Met.;XTENDER;
;;;;;;;;;;;
;;;;;;;;;;;
PASTILLAS DE FRENO POWER BRAKE;;;;;;;;;;;
Referencia ;Descripción ;;;;P.V.P $;CARACAS;ORIENTE;;;;
7157;Pastilla de Freno Toyota Corolla 2.010 Trasera ;;;;10,00;22,22;25,00;PASTILLAS DE FRENO IMPORTADAS ;;;
D31-736;Pastillas de Frenos Chevrolet Chevette                                                                                   ;;;;6,66;14,80;16,65;PASTILLAS DE FRENO IMPORTADAS ;Semi-Met.;POWER BRAKE ;
D152-7072APB;Pastilla de Freno Cougar/Zephyr/Fairmont;;;;10,00;22,22;25,00;PASTILLAS DE FRENO IMPORTADAS ;Semi-Met.;;
D1175-8289PB;Pastilla de Freno Ford EcoSport;;;;11,65;25,89;29,13;PASTILLAS DE FRENO IMPORTADAS ;Semi-Met.;;
D1197-8317;Pastilla de Freno Fiat Ducato Delantera (Master Plus);;;;13,18;29,29;32,95;PASTILLAS DE FRENO IMPORTADAS ;Semi-Met.;;
;;;;;;;;;Semi-Met.;;
;;;;;;;;;;;
PASTILLAS DE FRENO Q-BRAKE;;;;;;;;;;;
Referencia ;Descripción ;;;;P.V.P $;CARACAS;ORIENTE;;;Q-BRAKE;
D84-7017A;Pastillas de Freno Dodge Aspen/Valiant/LeBaron;;;;11,14;24,76;27,86;PASTILLAS DE FRENO IMPORTADAS ;Semi-Met.;Q-BRAKE;
D86-7019;Pastillas de Freno Dodge Series: D100/200;;;;0;0,00;0,00;PASTILLAS DE FRENO IMPORTADAS ;Semi-Met.;Q-BRAKE;
D120-7054;Pastillas de Freno Ford Series: F-350 hasta (1994);;;;0;0,00;0,00;PASTILLAS DE FRENO IMPORTADAS ;Semi-Met.;Q-BRAKE;
D137-7069;Pastillas de Freno Toyota Macho Landcruiser/Samurai Station Wagon (86/88);;;;11,10;24,66;27,74;PASTILLAS DE FRENO IMPORTADAS ;Semi-Met.;Q-BRAKE;
D215-7136;Pastillas de Frenos Chevrolet Celebrity (83/90), Century (83/96) Delantera.;;;;11,61;25,79;29,02;PASTILLAS DE FRENO IMPORTADAS ;Semi-Met.;Q-BRAKE;
D402-7291;               Pastillas de Frenos Ford Festiva, Turpial Iranì, Mitsubishi Montero Trasera                                                            ;;;;7,86;17,47;19,65;PASTILLAS DE FRENO IMPORTADAS ;Semi-Met.;Q-BRAKE;
D449-7329;Pastillas De Frenos Hyundai Elantra, Tiburòn, (97/04) Delantera.;;;;13,6;30,22;34,00;PASTILLAS DE FRENO IMPORTADAS ;Semi-Met.;Q-BRAKE;
D464-7344;Pastillas De Frenos Hyundai Elantra, Tiburòn, (97/04), Kia Spectra Trasera.;;;;12,58;27,96;31,45;PASTILLAS DE FRENO IMPORTADAS ;Semi-Met.;Q-BRAKE;
D535-7417;               Pastillas de Frenos Mitsubishi Lancer/Dahiatsu Terios                                              ;;;;0;0,00;0,00;PASTILLAS DE FRENO IMPORTADAS ;Semi-Met.;Q-BRAKE;
D543-7081;Pastillas De Chevrolet Series: C-30, P31=7024;;;;0;0,00;0,00;PASTILLAS DE FRENO IMPORTADAS ;Semi-Met.;Q-BRAKE;
D606-7487;Pastilla de Freno Burbuja - Prado - Trasera (92/10);;;;12,58;27,96;31,45;PASTILLAS DE FRENO IMPORTADAS ;Semi-Met.;Q-BRAKE;
D642-7518A;Pastilla de Freno Neon - Intrepid Delantera (TODOS) ;;;;14,33;31,85;35,84;PASTILLAS DE FRENO IMPORTADAS ;Semi-Met.;Q-BRAKE;
D649-7529;"Pastilla de Freno Fiat Uno/Palio; Kia Sephia, Fiesta Power, Escort = 2827";;;;11,14;24,76;27,86;PASTILLAS DE FRENO IMPORTADAS ;Semi-Met.;Q-BRAKE;
D652-7532;Pastilla de Freno Ford Explorer (95/99) Delantera.;;;;12,84;28,52;32,09;PASTILLAS DE FRENO IMPORTADAS ;Semi-Met.;Q-BRAKE;
D667-7545A;Pastilla de Frreno Ford Explorer (95/99) Trasera;;;;15,30;34,00;38,25;PASTILLAS DE FRENO IMPORTADAS ;Semi-Met.;Q-BRAKE;
D677-7557;Pastilla de Freno Chevrolet Esteem (95/97);;;;7,95;17,67;19,88;PASTILLAS DE FRENO IMPORTADAS ;Semi-Met.;Q-BRAKE;
D688-7563;Pastilla de Freno Chevrolet Corsa (96/97), (01/04) = 2649;;;;10,17;22,61;25,43;PASTILLAS DE FRENO IMPORTADAS ;Semi-Met.;Q-BRAKE;
D711-7584;Pastilla de Freno Ford Fortaleza/Expedition/Lincon Navigator Trasera;;;;10,96;24,35;27,40;PASTILLAS DE FRENO IMPORTADAS ;Semi-Met.;Q-BRAKE;
D712-7358;Pastilla de Freno Jeep Cherokee, Wrangler (99/05);;;;12,72;28,26;31,79;PASTILLAS DE FRENO IMPORTADAS ;Semi-Met.;Q-BRAKE;
D729-7596;Pastilla de Freno Chevrolet Blazer (99/01) Trasera.;;;;12,75;28,33;31,88;PASTILLAS DE FRENO IMPORTADAS ;Semi-Met.;Q-BRAKE;
D772-7639;Pastilla de Freno Toyota Series: Machito 24V, Macho Chassis Largo V6 (02/11);;;;12,58;27,96;31,45;PASTILLAS DE FRENO IMPORTADAS ;Semi-Met.;Q-BRAKE;
D1041-7945;Pastilla de Freno Jeep Grand Cherokee (05/07), Nissan Armada (05/15) Trasera.;;;;20,00;44,44;50,00;PASTILLAS DE FRENO IMPORTADAS ;Semi-Met.;Q-BRAKE;
D1092-7997;Pastilla de Freno Chevrolet Silverado/Cheyenne 1500/05 Tahoe (07);;;;13,87;30,83;34,68;PASTILLAS DE FRENO IMPORTADAS ;Semi-Met.;Q-BRAKE;
D1158-8268;Pastilla de Freno Ford Explorer - Eddie Bauer (06-10) Delantera ;;;;16,12;35,81;40,29;PASTILLAS DE FRENO IMPORTADAS ;Semi-Met.;Q-BRAKE;
D1169-8282;Pastilla de Freno Chevrolet Trail Blazer (06/07), Delantera.;;;;15,98;35,51;39,95;PASTILLAS DE FRENO IMPORTADAS ;Semi-Met.;Q-BRAKE;
D1184-8301;Pastilla de Freno Totoya Series: Yaris ;;;;15,00;33,33;37,50;PASTILLAS DE FRENO IMPORTADAS ;Semi-Met.;Q-BRAKE;
D1194-8312;Pastilla de Freno Chevrolet Tahoe (2007) Trasera.;;;;12,50;27,78;31,25;PASTILLAS DE FRENO IMPORTADAS ;Semi-Met.;Q-BRAKE;
D1210-8330CER;Pastilla de Freno Toyota Corolla Matrix (Patrulla) (2010) Delantera.;;;;20,40;45,33;51,00;PASTILLAS DE FRENO IMPORTADAS ;Semi-Met.;Q-BRAKE;
D1315-7939;Pastilla de Freno Chevrolet Optra  (04/07) Trasera.;;;;13,60;30,22;34,00;PASTILLAS DE FRENO IMPORTADAS ;Semi-Met.;Q-BRAKE;
D1508-8715;Pastilla de Freno Ford Series: Explorer 2012 Delantera;;;;20,00;44,44;50,00;PASTILLAS DE FRENO IMPORTADAS ;Semi-Met.;Q-BRAKE;
D1508-8715CER; Pastilla de Freno Ford Series: Explorer (2012) Del;;;;32,50;72,22;81,25;PASTILLAS DE FRENO IMPORTADAS ;Semi-Met.;Q-BRAKE;
PFM-KD0703-1;Pastillas De Frenos Venirauto Centauro Corta;;;;9,25;20,55;23,12;PASTILLAS DE FRENO IMPORTADAS ;Semi-Met.;Q-BRAKE;
PF-S213301080;Pastilla De Frenos Chery QQ;;;;0;0,00;0,00;PASTILLAS DE FRENO IMPORTADAS ;Semi-Met.;Q-BRAKE;
;;;;;;;;;;;
;;;;;;;;;;;
PASTILLAS DE FRENO TURBO BRAKE;;;;;;;;;;;
Referencia ;Descripción ;;;;P.V.P $;CARACAS;ORIENTE;;;;
7156;Pastilla de Freno Toyota Corolla (2010) Delantera ;;;;14,40;31,99;35,99;PASTILLAS DE FRENO IMPORTADAS ;Semi-Met.;TURBO BRAKE ;
7157;Pastilla de Freno Toyota Corolla (2010) Trasera ;;;;10,71;23,80;26,78;PASTILLAS DE FRENO IMPORTADAS ;Semi-Met.;TURBO BRAKE ;
D31-736TB;Pastilla de Freno Chevette Delantera, Mercedes Benz Trasera ;;;;6,66;14,80;16,65;PASTILLAS DE FRENO IMPORTADAS ;Semi-Met.;TURBO BRAKE ;
D120-7054;Pastilla de Freno Ford 350 (74/98) ;;;;0,00;0,00;0,00;PASTILLAS DE FRENO IMPORTADAS ;Semi-Met.;TURBO BRAKE ;
D641-7438TB;Pastilla de Freno Neon - Stratus Tresera (Todos);;;;5,55;12,33;13,87;PASTILLAS DE FRENO IMPORTADAS ;Semi-Met.;TURBO BRAKE ;
D856-7732TB;Pastilla de Freno Cherokee - Liberty - Caravan Delantera;;;;15,72;34,94;39,30;PASTILLAS DE FRENO IMPORTADAS ;Semi-Met.;TURBO BRAKE ;
D883-7760TB;Pastilla de Freno Chevrolet Trail Blazer (2002) Trasera.;;;;13,41;29,80;33,52;PASTILLAS DE FRENO IMPORTADAS ;Semi-Met.;TURBO BRAKE ;
;;;;;;;;;;;
;;;;;;;;;;;
PASTILLAS DE FRENO RAYBESTOS;;;;;;;;;;;
Referencia ;Descripción ;;;;P.V.P $;CARACAS;ORIENTE;;;;
D790-7660TB;Pastillas de Frenos Jeep Grand Cherokee (99/02) Delantera;;;;20,00;44,44;50,00;PASTILLAS DE FRENO IMPORTADAS ;Semi-Met.;RAYBESTOS;
D1011-7915TB;Pastillas de Frenos Ford F-150 4X4  Triton  (05/07), Delantera;;;;20,00;44,44;50,00;PASTILLAS DE FRENO IMPORTADAS ;Semi-Met.;RAYBESTOS;
;;;;;;;;;;;
;;;;;;;;;;;
PASTILLAS DE FRENO ASIA INC.;;;;;;;;;;;
Referencia ;Descripción ;;;;P.V.P $;CARACAS;ORIENTE;;;;
D1273-8389;Pastillas de Frenos Jeep Liberty (08/12) Delantera;;;;13,87;30,83;34,68;PASTILLAS DE FRENO IMPORTADAS ;Semi-Met.;ASIA INC;
;;;;;;;;;;;
;;;;;;;;;;;
PASTILLAS DE FRENO  BRAKE PRO;;;;;;;;;;;
Referencia ;Descripción ;;;;P.V.P $;CARACAS;ORIENTE;;;;
D792 7662;Pastillas de Frenos Chevrolet Silverado 99/00 Tras.;;;;13,60;30,22;34,00;PASTILLAS DE FRENO IMPORTADAS ;Ceramica;BRAKE PRO;
D865 7740;Pastillas de Frenos Honda Odissey (02/04) Trasera.;;;;13,60;30,22;34,00;PASTILLAS DE FRENO IMPORTADAS ;Ceramica;BRAKE PRO;
;;;;;;;;;;;
;;;;;;;;;;;
PASTILLAS DE FRENO  BRAKE PRO;;;;;;;;;;;
Codigos Wolf;Descripción ;;;;P.V.P $;CARACAS;ORIENTE;;;;
WP8206;Pastillas de Frenos Renault Series: R11, R18, R19, Clio, Galaxie, Symbol, Logan;;;;19,93;44,30;49,83;PASTILLAS DE FRENO IMPORTADAS ;D292 7194;BRAKE PRO ;
WP8237;Pastillas de Frenos Renault Series: R11, R18, R19, R21, Clio, Symbol, Volkswagen Golf/Peugeot Series: 305, 309 Tipo Mapa ;;;;12,96;28,79;32,39;PASTILLAS DE FRENO IMPORTADAS ; ;BRAKE PRO ;
WP8247;Pastillas de Frenos DongFen S30, Peugeot 206 Trasera.;;;;14,20;31,56;35,51;PASTILLAS DE FRENO IMPORTADAS ;D1458 8658;BRAKE PRO ;
WP8273;Pastillas de Frenos Fiat Series: Tempra/Fiorino, VolksWagen Series: Gol;;;;16,20;35,99;40,49;PASTILLAS DE FRENO IMPORTADAS ;D350 7242;BRAKE PRO ;
WP8321;Pastillas de Frenos Audi A3, Seat Ibiza, Leon, Volkswagen New Beetle, Bora, Jetta, Golf, Renault Scénic Trasera.;;;;13,70;30,45;34,26;PASTILLAS DE FRENO IMPORTADAS ;D340 7335  ;BRAKE PRO ;
WP8470;Pastillas de Frenos Peugeot Series: 305/309, Renault Series: Twingo/Sandero/R18/R19/R21, Clio ;;;;15,07;33,50;37,69;PASTILLAS DE FRENO IMPORTADAS ;;BRAKE PRO ;
WP8591;"Pastillas de Frenos Peugeot Series: 306/406, Partner; Renault Series: Laguna, Mègane, Scénic/Citroen Series: Xsara";;;;26,16;58,14;65,41;PASTILLAS DE FRENO IMPORTADAS ;D1145 8255;BRAKE PRO ;
WP8659;Pastillas de Frenos Renault Series: Kangoo;;;;26,91;59,80;67,28;PASTILLAS DE FRENO IMPORTADAS ;;BRAKE PRO ;
WP8700;Pastillas de Frenos (7711,7764): Audi Series: A4/A6, Volkswagen Series: New Beetle, Passat, Golf, Jetta;;;;34,76;77,24;86,90;PASTILLAS DE FRENO IMPORTADAS ;D840 7715 ;BRAKE PRO ;
WP8701;Pastillas de Frenos Seat Ibiza, Volkswagen Series: Bora, Golf, Fox, Jetta;;;;19,44;43,19;48,59;PASTILLAS DE FRENO IMPORTADAS ;D768 7709  ;BRAKE PRO ;
WP8702;Pastillas de Frenos Audi A3, Seat Series: Leon/Toledo, Volkswagen Series: Bora, Caddy, Golf IV, Jetta, New Beetle;;;;22,43;49,83;56,06;PASTILLAS DE FRENO IMPORTADAS ;D1107 8212  ;BRAKE PRO ;
WP9170;Pastillas de Frenos Dongfeng S30, Peugeot 307/306, Partner 2006 = 8333 Delantera.;;;;22,18;49,28;55,44;PASTILLAS DE FRENO IMPORTADAS ;D1213 8333  ;BRAKE PRO ;
WP9391;Juego de Pastillas , Mazda 3 Trasera;;;;20,00;44,44;50,00;PASTILLAS DE FRENO IMPORTADAS ;D1095 7957;BRAKE PRO ;
WP9470;Pastillas de Frenos Ford Fiesta VI Titanium;;;;23,55;52,33;58,87;PASTILLAS DE FRENO IMPORTADAS ;D1454 8653 ;BRAKE PRO ;
WP9523;Pastillas de Frenos Renault Series: Duster/Megàne II/Scènic;;;;34,76;77,24;86,90;PASTILLAS DE FRENO IMPORTADAS ;;BRAKE PRO ;
WP9617;Pastillas de Frenos Mitsubishi Series: L200 Pickup/Pajero/Montero Sport;;;;32,89;73,09;82,23;PASTILLAS DE FRENO IMPORTADAS ;;BRAKE PRO ;
WP9623;Juego de Pastillas Mitsubishi Lancer Tresera;;;;30,00;66,67;75,00;PASTILLAS DE FRENO IMPORTADAS ;D1037-7940;BRAKE PRO ;
WP9671;Juego de Pastillas de Frenos Toyota Series: Corolla (2015-2016) (Latin America) Traseras                                ;;;;35,00;77,78;87,50;PASTILLAS DE FRENO IMPORTADAS ;;BRAKE PRO ;
WP9866;Juego de Pastillas de Frenos Toyota Series: Corolla (2015-2016) (Latin America) Delanteras                                ;;;;45,00;100,00;112,50;PASTILLAS DE FRENO IMPORTADAS ;D1964-9189;BRAKE PRO ;
;;;;;;;;;;;
;;;;;;;;;;;
;;;;;;;;;;;
;;;;;;;;;;;
;;;;;;;;;;;
;;;;;;;;;;;
;;;;;;;;;;;
;;;;;;;;;;;
;;;;;;;;;;;
;;;;;;;;;;;
;;;;;;;;;;;
;;;;;;;;;;;
;;;;;;;;;;;
;;;;;;;;;;;
;;;;;;;;;;;
;;;;;;;;;;;
;;;;;;;;;;;
;;;;;;;;;;;
;;;;;;;;;;;
;;;;;;;;;;;
;;;;;;;;;;;
;;;;;;;;;;;
;;;;;;;;;;;
;;;;;;;;;;;
;;;;;;;;;;;
;;;;;;;;;;;
;;;;;;;;;;;
;;;;;;;;;;;
;;;;;;;;;;;
;;;;;;;;;;;
;;;;;;;;;;;
;;;;;;;;;;;
;;;;;;;;;;;
;;;;;;;;;;;
;;;;;;;;;;;
;;;;;;;;;;;
;;;;;;;;;;;
;;;;;;;;;;;
;;;;;;;;;;;
;;;;;;;;;;;
;;;;;;;;;;;
;;;;;;;;;;;
;;;;;;;;;;;
;;;;;;;;;;;
;;;;;;;;;;;
;;;;;;;;;;;
;;;;;;;;;;;
;;;;;;;;;;;
;;;;;;;;;;;
;;;;;;;;;;;
;;;;;;;;;;;
;;;;;;;;;;;
;;;;;;;;;;;
;;;;;;;;;;;
;;;;;;;;;;;
;;;;;;;;;;;
;;;;;;;;;;;
;;;;;;;;;;;
;;;;;;;;;;;
;;;;;;;;;;;
;;;;;;;;;;;
;;;;;;;;;;;
;;;;;;;;;;;
;;;;;;;;;;;
;;;;;;;;;;;
;;;;;;;;;;;
;;;;;;;;;;;
;;;;;;;;;;;
;;;;;;;;;;;
;;;;;;;;;;;
;;;;;;;;;;;
;;;;;;;;;;;
;;;;;;;;;;;
;;;;;;;;;;;
;;;;;;;;;;;
;;;;;;;;;;;
;;;;;;;;;;;
;;;;;;;;;;;
;;;;;;;;;;;
;;;;;;;;;;;
;;;;;;;;;;;
;;;;;;;;;;;
;;;;;;;;;;;
;;;;;;;;;;;
;;;;;;;;;;;
;;;;;;;;;;;
;;;;;;;;;;;
;;;;;;;;;;;
;;;;;;;;;;;
;;;;;;;;;;;
;;;;;;;;;;;
;;;;;;;;;;;
;;;;;;;;;;;
;;;;;;;;;;;
;;;;;;;;;;;
;;;;;;;;;;;
;;;;;;;;;;;
;;;;;;;;;;;
;;;;;;;;;;;
;;;;;;;;;;;
;;;;;;;;;;;
;;;;;;;;;;;
;;;;;;;;;;;
;;;;;;;;;;;
;;;;;;;;;;;
;;;;;;;;;;;
;;;;;;;;;;;
;;;;;;;;;;;
;;;;;;;;;;;
;;;;;;;;;;;
;;;;;;;;;;;
;;;;;;;;;;;
;;;;;;;;;;;
;;;;;;;;;;;
;;;;;;;;;;;
;;;;;;;;;;;
;;;;;;;;;;;
;;;;;;;;;;;
;;;;;;;;;;;
;;;;;;;;;;;
;;;;;;;;;;;
;;;;;;;;;;;
;;;;;;;;;;;
;;;;;;;;;;;
;;;;;;;;;;;
;;;;;;;;;;;
;;;;;;;;;;;
;;;;;;;;;;;
;;;;;;;;;;;
;;;;;;;;;;;
;;;;;;;;;;;
;;;;;;;;;;;
;;;;;;;;;;;
;;;;;;;;;;;
;;;;;;;;;;;
;;;;;;;;;;;
;;;;;;;;;;;
;;;;;;;;;;;
;;;;;;;;;;;
;;;;;;;;;;;
;;;;;;;;;;;
;;;;;;;;;;;
;;;;;;;;;;;
;;;;;;;;;;;
;;;;;;;;;;;
;;;;;;;;;;;
;;;;;;;;;;;
;;;;;;;;;;;
;;;;;;;;;;;
;;;;;;;;;;;
;;;;;;;;;;;
;;;;;;;;;;;
;;;;;;;;;;;
;;;;;;;;;;;
;;;;;;;;;;;
;;;;;;;;;;;
;;;;;;;;;;;
;;;;;;;;;;;
;;;;;;;;;;;
;;;;;;;;;;;
;;;;;;;;;;;
;;;;;;;;;;;
;;;;;;;;;;;
;;;;;;;;;;;
;;;;;;;;;;;
;;;;;;;;;;;
;;;;;;;;;;;
;;;;;;;;;;;
;;;;;;;;;;;
;;;;;;;;;;;
;;;;;;;;;;;
;;;;;;;;;;;
;;;;;;;;;;;
;;;;;;;;;;;
;;;;;;;;;;;
;;;;;;;;;;;
;;;;;;;;;;;
;;;;;;;;;;;
;;;;;;;;;;;
;;;;;;;;;;;
;;;;;;;;;;;
;;;;;;;;;;;
;;;;;;;;;;;
;;;;;;;;;;;
;;;;;;;;;;;
;;;;;;;;;;;
;;;;;;;;;;;
;;;;;;;;;;;
;;;;;;;;;;;
;;;;;;;;;;;
;;;;;;;;;;;
;;;;;;;;;;;
;;;;;;;;;;;
;;;;;;;;;;;
;;;;;;;;;;;
;;;;;;;;;;;
;;;;;;;;;;;
;;;;;;;;;;;
;;;;;;;;;;;
;;;;;;;;;;;
;;;;;;;;;;;
;;;;;;;;;;;
;;;;;;;;;;;
;;;;;;;;;;;
;;;;;;;;;;;
;;;;;;;;;;;
;;;;;;;;;;;
;;;;;;;;;;;
;;;;;;;;;;;
;;;;;;;;;;;
;;;;;;;;;;;
;;;;;;;;;;;
;;;;;;;;;;;
;;;;;;;;;;;
;;;;;;;;;;;
;;;;;;;;;;;
;;;;;;;;;;;
;;;;;;;;;;;
;;;;;;;;;;;
;;;;;;;;;;;
;;;;;;;;;;;
;;;;;;;;;;;
;;;;;;;;;;;
;;;;;;;;;;;
;;;;;;;;;;;
;;;;;;;;;;;
;;;;;;;;;;;
;;;;;;;;;;;
;;;;;;;;;;;
;;;;;;;;;;;
;;;;;;;;;;;
;;;;;;;;;;;
;;;;;;;;;;;
;;;;;;;;;;;
;;;;;;;;;;;
;;;;;;;;;;;
;;;;;;;;;;;
;;;;;;;;;;;
;;;;;;;;;;;
;;;;;;;;;;;
;;;;;;;;;;;
;;;;;;;;;;;
;;;;;;;;;;;
;;;;;;;;;;;
;;;;;;;;;;;
;;;;;;;;;;;
;;;;;;;;;;;
;;;;;;;;;;;
;;;;;;;;;;;
;;;;;;;;;;;
;;;;;;;;;;;
;;;;;;;;;;;
;;;;;;;;;;;
;;;;;;;;;;;
;;;;;;;;;;;
;;;;;;;;;;;
;;;;;;;;;;;
;;;;;;;;;;;
;;;;;;;;;;;
;;;;;;;;;;;
;;;;;;;;;;;
;;;;;;;;;;;
;;;;;;;;;;;
;;;;;;;;;;;
;;;;;;;;;;;
;;;;;;;;;;;
;;;;;;;;;;;
;;;;;;;;;;;
;;;;;;;;;;;
;;;;;;;;;;;
;;;;;;;;;;;
;;;;;;;;;;;
;;;;;;;;;;;
;;;;;;;;;;;
;;;;;;;;;;;
;;;;;;;;;;;
;;;;;;;;;;;
;;;;;;;;;;;
;;;;;;;;;;;
;;;;;;;;;;;
;;;;;;;;;;;
;;;;;;;;;;;
;;;;;;;;;;;
;;;;;;;;;;;
;;;;;;;;;;;
;;;;;;;;;;;
;;;;;;;;;;;
;;;;;;;;;;;
;;;;;;;;;;;
;;;;;;;;;;;
;;;;;;;;;;;
;;;;;;;;;;;
;;;;;;;;;;;
;;;;;;;;;;;
;;;;;;;;;;;
;;;;;;;;;;;
;;;;;;;;;;;
;;;;;;;;;;;
;;;;;;;;;;;
;;;;;;;;;;;
;;;;;;;;;;;
;;;;;;;;;;;
;;;;;;;;;;;
;;;;;;;;;;;
;;;;;;;;;;;
;;;;;;;;;;;
;;;;;;;;;;;
;;;;;;;;;;;
;;;;;;;;;;;
;;;;;;;;;;;
;;;;;;;;;;;
;;;;;;;;;;;
;;;;;;;;;;;
;;;;;;;;;;;
;;;;;;;;;;;
;;;;;;;;;;;
;;;;;;;;;;;
;;;;;;;;;;;
;;;;;;;;;;;
;;;;;;;;;;;
;;;;;;;;;;;
;;;;;;;;;;;
;;;;;;;;;;;
;;;;;;;;;;;
;;;;;;;;;;;
;;;;;;;;;;;
;;;;;;;;;;;
;;;;;;;;;;;
;;;;;;;;;;;
;;;;;;;;;;;
;;;;;;;;;;;
;;;;;;;;;;;
;;;;;;;;;;;
;;;;;;;;;;;
;;;;;;;;;;;
;;;;;;;;;;;
;;;;;;;;;;;
;;;;;;;;;;;
;;;;;;;;;;;
;;;;;;;;;;;
;;;;;;;;;;;
;;;;;;;;;;;
;;;;;;;;;;;
;;;;;;;;;;;
;;;;;;;;;;;
;;;;;;;;;;;
;;;;;;;;;;;
;;;;;;;;;;;
;;;;;;;;;;;
;;;;;;;;;;;
;;;;;;;;;;;
;;;;;;;;;;;
;;;;;;;;;;;
;;;;;;;;;;;
;;;;;;;;;;;
;;;;;;;;;;;
;;;;;;;;;;;
;;;;;;;;;;;
;;;;;;;;;;;
;;;;;;;;;;;
;;;;;;;;;;;
;;;;;;;;;;;
;;;;;;;;;;;
;;;;;;;;;;;
;;;;;;;;;;;
;;;;;;;;;;;
;;;;;;;;;;;
;;;;;;;;;;;
;;;;;;;;;;;
;;;;;;;;;;;
;;;;;;;;;;;
;;;;;;;;;;;
;;;;;;;;;;;
;;;;;;;;;;;
;;;;;;;;;;;
;;;;;;;;;;;
;;;;;;;;;;;
;;;;;;;;;;;
;;;;;;;;;;;
;;;;;;;;;;;
;;;;;;;;;;;
;;;;;;;;;;;
;;;;;;;;;;;
;;;;;;;;;;;
;;;;;;;;;;;
;;;;;;;;;;;
;;;;;;;;;;;
;;;;;;;;;;;
;;;;;;;;;;;
;;;;;;;;;;;
;;;;;;;;;;;
;;;;;;;;;;;
;;;;;;;;;;;
;;;;;;;;;;;
;;;;;;;;;;;
;;;;;;;;;;;
;;;;;;;;;;;
;;;;;;;;;;;
;;;;;;;;;;;
;;;;;;;;;;;
;;;;;;;;;;;
;;;;;;;;;;;
;;;;;;;;;;;
;;;;;;;;;;;
;;;;;;;;;;;
;;;;;;;;;;;
;;;;;;;;;;;
;;;;;;;;;;;
;;;;;;;;;;;
;;;;;;;;;;;
;;;;;;;;;;;
;;;;;;;;;;;
;;;;;;;;;;;
;;;;;;;;;;;
;;;;;;;;;;;
;;;;;;;;;;;
;;;;;;;;;;;
;;;;;;;;;;;
;;;;;;;;;;;
;;;;;;;;;;;
;;;;;;;;;;;
;;;;;;;;;;;
;;;;;;;;;;;
;;;;;;;;;;;
;;;;;;;;;;;
;;;;;;;;;;;
;;;;;;;;;;;
;;;;;;;;;;;
;;;;;;;;;;;
;;;;;;;;;;;
BANDAS DE FRENO WOLF ITALIA;;;;;;;;;;;
Referencia;Descripción ;;;;;P.V.P $;CARACAS;ORIENTE;CATEGORIA;EQUIVALENCIA;MARCA
SFR7187;Kit De Bandas De Freno de Mano Para Toyota Series: 4Runner, Land Cruiser,Prado Ø 210mm                                  ;;;;;0,00;0,00;0,00;BANDAS DE FRENO ;;WOLF ITALY
SFR6164;Juego de Bandas Fiat Strada;;;;;50,00;111,11;125,00;BANDAS DE FRENO ;;WOLF ITALY
SFR7142;Juego de Bandas Toyota Yaris 04495-52100;;;;;40,00;88,89;100,00;BANDAS DE FRENO ;;WOLF ITALY
;;;;;;;;;;;
;;;;;;;;;;;
BANDAS DE FRENO Q-BRAKE;;;;;;;;;;;
Referencia;Descripción ;;;;;P.V.P $;CARACAS;ORIENTE;;;
2171;Bandas Para Ford F-350 Tritòn;;;;;40,00;88,89;100,00;BANDAS DE FRENO ;;QBRAKE 
;;;;;;;;;;;
;;;;;;;;;;;
DISCO DE FRENO;;;;;;;;;;;
Referencia;Descripción ;;;;;P.V.P $;CARACAS;ORIENTE;;;
DF-54164;Disco De Frenos Ford Econoline E-150 (Ambulancia) (2001) Delantero.;;;;;72,00;160,00;180,00;DISCOS DE FRENO IMPORTADOS ;;
DF-54162;Disco De Frenos Ford Econoline E-150 (Ambulancia) 2001 Trasero.;;;;;45,00;100,00;112,50;DISCOS DE FRENO IMPORTADOS ;;
D-5574;Disco De Frenos Delantero, Chevrolet Series: C-20, C30, Pick up, Ambulancia Chevy (88/94);;;;;50,00;111,11;125,00;DISCOS DE FRENO IMPORTADOS ;;
WD52250B;Disco Delantero Ventilado Toyota Series: FJ Cruiser, Fortuner, 4Runner OEM 43515-60151;;;;;100,00;222,22;250,00;DISCOS DE FRENO IMPORTADOS ;;
WD40080A;Disco de Freno Renault Series: Twingo (Macizo de 4 Huecos);;;;;30,00;66,67;75,00;DISCOS DE FRENO IMPORTADOS ;;
WD40400A;Disco de Freno Renault  Series: Logan (Macizo), Peugeot Series: 206 (4 Huecos);;;;;36,00;80,00;90,00;DISCOS DE FRENO IMPORTADOS ;;
WD40130B;Disco de Freno Renault Series: R19 Energy Disco Ventilado (4 Huecos);;;;;36,00;80,00;90,00;DISCOS DE FRENO IMPORTADOS ;;
WD15190B;Disco de Freno Ventilado Fiat Series: Strada;;;;;35,00;77,78;87,50;DISCOS DE FRENO IMPORTADOS ;;
WD40230B;Disco de Freno Renault Series: Logan, Clío Moderno, Kangoo, Symbol Ventilado (4 Huecos);;;;;36,00;80,00;90,00;DISCOS DE FRENO IMPORTADOS ;;
WD092550C;Disco de Freno Peugeot Series:206/207 Tras. Macizos;;;;;30,00;66,67;75,00;DISCOS DE FRENO IMPORTADOS ;;
WD58330C;Disco de Freno Volkswagen Series: New Beetle, Bora, jetta, Golf IV, Trasero.;;;;;36,00;80,00;90,00;DISCOS DE FRENO IMPORTADOS ;;
;;;;;;;;;;;
;;;;;;;;;;;
TAMBORES DE FRENO WOLF;;;;;;;;;;;
Referencia;Descripción ;;;;;P.V.P $;CARACAS;ORIENTE;;;
WT-0719;TAMBOR DE FRENO TOYOTA YARIS;;;;;50,00;111,11;125,00;TAMBORES DE FRENO ;;
;;;;;;;;;;;
;;;;;;;;;;;
ACCESORIOS PARA TORNOS AMMCO ;;;;;;;;;;;
Referencia;Descripción ;;;;;P.V.P $;CARACAS;ORIENTE;;;AMMCO 
AMC-285291;Kit- Set De Tuercas De Bronce para eje Corredizo (10868);;;;;120,00;266,67;300,00;ACCESORIOS PARA TORNO ;;AMMCO 
AMC-903085;Guardapolvos en Polietileno para el Eje/carrete/Bobina de los modelos 3000,4000;;;;;50,40;112,00;126,00;ACCESORIOS PARA TORNO ;;AMMCO 
AMC-903086;Guardapolvos de alimentación de torno de  Tambor para Modelos 3000 y 4000;;;;;30,00;66,67;75,00;ACCESORIOS PARA TORNO ;;AMMCO 
AMC-9030871;Guardapolvos de alimentación Cruzada de torno deTambor para Modelos 3000 y 4000;;;;;32,00;71,11;80,00;ACCESORIOS PARA TORNO ;;AMMCO 
AMC-903161-1;Correa V Torno 3000/4000;;;;;36,00;80,00;90,00;ACCESORIOS PARA TORNO ;;AMMCO 
AMC-905280;"Banda Silenciadora Para el Torno para Frenos de Tambor De 1,75"" x 6""";;;;;80,00;177,78;200,00;ACCESORIOS PARA TORNO ;;AMMCO 
AMC-906854;Perilla de ajuste portacuchilla Roja;;;;;10,00;22,22;25,00;ACCESORIOS PARA TORNO ;;AMMCO 
AMC-906921;"Banda Silenciadora Para el Torno para Frenos de Disco De 6.50"" 2 x empaque";;;;;17,50;38,89;43,75;ACCESORIOS PARA TORNO ;;AMMCO 
AMC-906922;"Banda Silenciadora Para el Torno para Frenos de Disco De 9.25"" 2 x empaque";;;;;17,75;39,44;44,38;ACCESORIOS PARA TORNO ;;AMMCO 
AMC-906999;Set Portaherramientas (Cuchillas) rastrillo negativo uno #10701(RH) & uno #10702(LH), uno #10702 (LH);;;;;170,00;377,78;425,00;ACCESORIOS PARA TORNO ;;AMMCO 
AMC-907747-1;Platina de Soporte Palanca de Cambio de Velocidad Tornos 4000 y 7500;;;;;26,00;57,78;65,00;ACCESORIOS PARA TORNO ;;AMMCO 
AMC-907996;Engranaje de Cizallamiento Tornos:4000/4100/7500;;;;;14,40;32,00;36,00;ACCESORIOS PARA TORNO ;;AMMCO 
AMC-909800;Silenciador Antivibratorio Para Tornos De Disco;;;;;80,00;177,78;200,00;ACCESORIOS PARA TORNO ;;AMMCO 
AMC-940141-1;Correa Poly V Torno 7500;;;;;75,00;166,67;187,50;ACCESORIOS PARA TORNO ;;AMMCO 
AMC-90691410;Set de Cuchillas o Insertos de Carburo de rastrillos negativo 10 por empaque;;;;;70,00;155,56;175,00;ACCESORIOS PARA TORNO ;;AMMCO 
;;;;;;;;;;;
;;;;;;;;;;;
ARANDELAS DE BRONCES;;;;;;;;;;;
Referencia;Descripción ;;;;;P.V.P $;CARACAS;ORIENTE;;;
AB3/8;"ARANDELA DE BRONCE 3/8""";;;;;0,9;2,00;2,25;ARANDELAS DE BRONCE ;;
AB7/16;"ARANDELA DE BRONCE 7/16""";;;;;0,9;2,00;2,25;ARANDELAS DE BRONCE ;;
;;;;;;;;;;;
;;;;;;;;;;;
GOMAS DE CILINDRO TIPO ANILLO (FP);;;;;;;;;;;
Referencia;Descripción ;;;;;P.V.P $;CARACAS;ORIENTE;;;
"GTA1 1/8""";"GOMA CILINDRO TOYOTA TIPO ANILLO 1  1/8""""";;;;;0,44;0,99;1,1115;GOMAS DE CILINDRO TIPO ANILLO;;FP
"GTA1""";"GOMA CILINDRO TOYOTA TIPO ANILLO 1""";;;;;0,44;0,99;1,1115;GOMAS DE CILINDRO TIPO ANILLO;;FP
"GTA7/8""";"GOMA CILINDRO TOYOTA TIPO ANILLO 7/8""""";;;;;0,39;0,86;0,96525;GOMAS DE CILINDRO TIPO ANILLO;;FP
"GTA15/16""";"GOMA CILINDRO TOYOTA TIPO ANILLO 15/16"" (HUECO PEQUEÑO-ALTA)";;;;;0,43;0,96;1,08225;GOMAS DE CILINDRO TIPO ANILLO;;FP
"GTA13/16""";"GOMA CILINDRO TOYOTA TIPO ANILLO 13/16""";;;;;0,43;0,96;1,08225;GOMAS DE CILINDRO TIPO ANILLO;;FP
"GTA15/16""B";"GOMA CILINDRO TOYOTA TIPO ANILLO 15/16"" (HUECO GRAND-BAJA)";;;;;0,43;0,96;1,08225;GOMAS DE CILINDRO TIPO ANILLO;;FP
;;;;;;;;;;;
;;;;;;;;;;;
GOMAS PLANAS TIPO CUBETA (FP);;;;;;;;;;;
Referencia;Descripción ;;;;;P.V.P $;CARACAS;ORIENTE;;;
"GP1 1/16""";"GOMA PLANA 1  1/16""";;;;;0,27;0,60;0,675;GOMAS PLANAS FP ;;FP
"GP1 1/2""";"GOMA PLANA 1 1/2""";;;;;0,27;0,60;0,675;GOMAS PLANAS FP ;;FP
"GP1 1/4""";"GOMA PLANA 1 1/4""";;;;;0,27;0,60;0,675;GOMAS PLANAS FP ;;FP
"GP1 1/8""";"GOMA PLANA 1 1/8""";;;;;0,28;0,62;0,7;GOMAS PLANAS FP ;;FP
"GP1 3/16""";"GOMA PLANA 1 3/16""";;;;;0,28;0,62;0,7;GOMAS PLANAS FP ;;FP
GP1 3/32;"GOMA PLANA 1 3/32""";;;;;0,28;0,62;0,7;GOMAS PLANAS FP ;;FP
"GP1 5/8""";"GOMA PLANA 1 5/8""";;;;;0,28;0,62;0,7;GOMAS PLANAS FP ;;FP
"GP1""";"GOMA PLANA 1""";;;;;0,40;0,89;1;GOMAS PLANAS FP ;;FP
"GP11/16""";"GOMA PLANA 11/16""";;;;;0,28;0,62;0,7;GOMAS PLANAS FP ;;FP
"GP13/16""";"GOMA PLANA 13/16""";;;;;0,41;0,91;1,025;GOMAS PLANAS FP ;;FP
"GP15/16""";"GOMA PLANA 15/16""";;;;;0,41;0,91;1,025;GOMAS PLANAS FP ;;FP
"GP29/32""";"GOMA PLANA 29/32""";;;;;0,41;0,91;1,025;GOMAS PLANAS FP ;;FP
"GP3/4""";"GOMA PLANA 3/4""";;;;;0,63;1,40;1,575;GOMAS PLANAS FP ;;FP
"GP5/8'""";"GOMA PLANA 5/8""";;;;;0,41;0,91;1,025;GOMAS PLANAS FP ;;FP
"GP7/8""";"GOMA PLANA 7/8""";;;;;0,54;1,20;1,35;GOMAS PLANAS FP ;;FP
"GP1-5/16""";"GOMA PLANA 1-5/16""";;;;;0,64;1,42;1,6;GOMAS PLANAS FP ;;FP
"GP1-5/8""";"GOMA PLANA 1-5/8""";;;;;0,64;1,42;1,6;GOMAS PLANAS FP ;;FP
"GP1-7/16""";"GOMA PLANA 1-7/16""";;;;;0,54;1,20;1,35;GOMAS PLANAS FP ;;FP
"GP1-3/8""";"GOMA PLANA 1-3/8""";;;;;0,68;1,51;1,7;GOMAS PLANAS FP ;;FP
"GP1 3/4""";"GOMA PLANA 1 3/4""";;;;;0,40;0,89;1;GOMAS PLANAS FP ;;FP
;;;;;;;;;;;
;;;;;;;;;;;
GOMA VLVULA DE VACIO PARA HIDROVACK;;;;;;;;;;;
Referencia;Descripción ;;;;;P.V.P $;CARACAS;ORIENTE;;;
207;GOMA VALVULA DE VACIO UNIVERSAL DE HIDROVACK;;;;;1,25;2,777777778;3,125;GOMAS VALVULA DE VACIO HIDROVACK;;
;;;;;;;;;;;
;;;;;;;;;;;
GUARDAPOLVO PARA CILINDROS DE FRENO;;;;;;;;;;;
Referencia;Descripción ;;;;;P.V.P $;CARACAS;ORIENTE;;;FP
GPT01;GUARDAPOLVO CILINDRO TOYOTA;;;;;0,45;1,00;1,125;GUARDAPOLVO DE CILINDRO ;;FP
GUC01;GUARDAPOLVO UNIVERSAL GRANDE;;;;;0,37;0,82;0,925;GUARDAPOLVO DE CILINDRO ;;FP
GUC02;GUARDAPOLVO UNIVERSAL MEDIANO;;;;;0,37;0,82;0,925;GUARDAPOLVO DE CILINDRO ;;FP
GUC03;GUARDAPOLVO UNIVERSAL PQNO;;;;;0,37;0,82;0,925;GUARDAPOLVO DE CILINDRO ;;FP
;;;;;;;;;;;
;;;;;;;;;;;
KIT DE BOMBA DE FRENO NACIONAL FP (SOLO GOMAS);;;;;;;;;;;
Referencia;Descripción ;;;;;P.V.P $;CARACAS;ORIENTE;;;
KBO2400;"KIT DE BOMBA CHEVROLET CORSA (BOMBA ATE-BRASIL 13/16"")";;;;;3,34;7,4;8,35;KIT DE REPARACION DE BOMBA DE FRENO FP ;;FP
KBO60210;"KIT DE BOMBA TOYOTA AUTANA 1""";;;;;3,95;8,8;9,8865;KIT DE REPARACION DE BOMBA DE FRENO FP ;;FP
KBO60215;"KIT DE BOMBA TOYOTA HILUX, COMUNAL  15/16""";;;;;3,80;8,4;9,5;KIT DE REPARACION DE BOMBA DE FRENO FP ;;FP
KBO1A020;"KIT DE BOMBA TOYOTA COROLLA 93 UP 13/16"" (4 GOMAS)";;;;;2,92;6,5;7,3;KIT DE REPARACION DE BOMBA DE FRENO FP ;;FP
KBO99032;"KIT DE BOMBA GM MALIBU, MONTE CARLO 78/80 15/16""";;;;;3,54;7,9;8,85;KIT DE REPARACION DE BOMBA DE FRENO FP ;;FP
KBO105803;"KIT DE BOMBA GM MALIBU,  MONTE CARLO 82 15/16""";;;;;3,58;8,0;8,95;KIT DE REPARACION DE BOMBA DE FRENO FP ;;FP
KBO12430;"KIT DE BOMBA TOYOTA COROLLA 82-96  13/16""";;;;;2,92;6,5;7,3;KIT DE REPARACION DE BOMBA DE FRENO FP ;;FP
KBO105071;"KIT DE BOMBA GM MALIBU,  MONTE CARLO 82 15/16"" (ORING GRANDE)";;;;;3,58;8,0;8,95;KIT DE REPARACION DE BOMBA DE FRENO FP ;;FP
KBO104459;KIT DE BOMBA GM CAPRICE 81/82, C-10, JEEP WAGONEER 81/87 (4 GOMAS) ;;;;;3,66;8,1;9,15;KIT DE REPARACION DE BOMBA DE FRENO FP ;;FP
KBO60070;"KIT DE BOMBA TOYOTA LAND CRUISER, SAMURAY 7/8""(5 GOMAS)";;;;;3,80;8,4;9,5;KIT DE REPARACION DE BOMBA DE FRENO FP ;;FP
KBO12392;"KIT DE BOMBA FORD FESTIVA 3/4"" (4 GOMAS)";;;;;2,85;6,3;7,125;KIT DE REPARACION DE BOMBA DE FRENO FP ;;FP
KBO43111A;"KIT DE BOMBA TOYOTA 7/8"" (4 GOMAS) ";;;;;3,97;8,8;9,925;KIT DE REPARACION DE BOMBA DE FRENO FP ;;FP
KBO1516252;"KIT DE BOMBA GM AVEO, OPTRA 15/16""";;;;;4,35;9,7;10,875;KIT DE REPARACION DE BOMBA DE FRENO FP ;;FP
KBO142646;"KIT DE BOMBA AVEO, OPTRA 7/8""";;;;;4,16;9,2;10,4;KIT DE REPARACION DE BOMBA DE FRENO FP ;;FP
KBO080213;"KIT DE BOMBA TOYOTA MACHITO (GENERICA) 1"" $ GOMAS";;;;;2,90;6,4;7,25;KIT DE REPARACION DE BOMBA DE FRENO FP ;;FP
KBO11738;"KIT DE BOMBA GM BLAZER 98 UP (BOMBA CORTA) 1""";;;;;2,90;6,4;7,25;KIT DE REPARACION DE BOMBA DE FRENO FP ;;FP
KBO71621N;"KIT DE BOMBA GM CAPRICE 71/80, MALIBU 81/87, WAGOONER 75/80 DIAM. 1-1/8"" (BOMBA NACIONAL)";;;;;4,66;10,4;11,65;KIT DE REPARACION DE BOMBA DE FRENO FP ;;FP
KBO008586;"KIT DE BOMBA FORD FIESTA 00/04 (BALITA) 15/16""";;;;;2,79;6,2;6,975;KIT DE REPARACION DE BOMBA DE FRENO FP ;;FP
KBO20460;"KIT DE BOMBA FIAT PALIO, SIENA 13/16""";;;;;2,59;5,8;6,475;KIT DE REPARACION DE BOMBA DE FRENO FP ;;FP
KBO80904;"KIT DE BOMBA FORD LTD, GALAXIE, FAIRLANE 73/79 1"" (5 PIEZAS)";;;;;3,66;8,1;9,15;KIT DE REPARACION DE BOMBA DE FRENO FP ;;FP
KBO102421;"KIT DE BOMBA FORD F350 (TUBERIA LADO IZQUIERDO) 1-1/16"" (5 PIEZAS)";;;;;3,66;8,1;9,15;KIT DE REPARACION DE BOMBA DE FRENO FP ;;FP
KBO114084;"KIT DE BOMBA FORD 100/150 EXPLORER (BOMBA HIERRO) 1-1/16""";;;;;3,52;7,8;8,8;KIT DE REPARACION DE BOMBA DE FRENO FP ;;FP
KBO114084H;"KIT DE BOMBA FORD BRONCO, EXPLORER (BOMBA HIERRO) 1-1/16""";;;;;3,52;7,8;8,8;KIT DE REPARACION DE BOMBA DE FRENO FP ;;FP
KBO2688;"KIT DE BOMBA GM CHEVETTE (87/89) 13/16"" (5 GOMAS)";;;;;2,79;6,2;6,975;KIT DE REPARACION DE BOMBA DE FRENO FP ;;FP
KBOF81Z-2140-BA-FP;"KIT DE BOMBA FORD TRITON, SUPER DUTY 2010 UP 1-1/4"" (4 GOMAS)";;;;;4,17;9,3;10,425;KIT DE REPARACION DE BOMBA DE FRENO FP ;;FP
KBO80199;"KIT DE BOMBA MITSUBISHI CANTER 1-3/16"" (4 GOMAS)";;;;;4,23;9,4;10,575;KIT DE REPARACION DE BOMBA DE FRENO FP ;;FP
KB08213;KIT DE BOMBA TOYOTA MACHITO (BOMBA GENERICA) 1¨  4 GOMAS ;;;;;3,48;7,7;8,7;KIT DE REPARACION DE BOMBA DE FRENO FP ;;FP
KBO75250;KIT DE BOMBA CHEVROLET NPR ISIZU 1-1/4¨;;;;;9,49;21,1;23,725;KIT DE REPARACION DE BOMBA DE FRENO FP ;;FP
KBO86511;KIT DE BOMBA BUSETA SERIE 30 1-5/16¨;;;;;4,66;10,4;11,65;KIT DE REPARACION DE BOMBA DE FRENO FP ;;FP
KBO108145;KIT DE BOMBA CHEVROLET C-30 81/91, CHEYENNE C3500 1-5/16¨;;;;;4,66;10,4;11,65;KIT DE REPARACION DE BOMBA DE FRENO FP ;;FP
KBO245025;KIT DE BOMBA TOYOTA DYNA 93/98;;;;;4,31;9,6;10,775;KIT DE REPARACION DE BOMBA DE FRENO FP ;;FP
;;;;;;;;;;;
;;;;;;;;;;;
KIT DE BOMBIN PARA CLUCHT NACIONAL FP (SOLO GOMAS);;;;;;;;;;;
Referencia;Descripción ;;;;;P.V.P $;CARACAS;ORIENTE;;;FP
KB60050;"KIT BOMBIN CLUCHT TOYOTA 2F/3F 13/16"" (PISTON + GOMA)";;;;;12,23;27,2;30,575;KIT DE REPARACION DE BOMBIN DE FRENO FP ;;FP
KB26830;"KIT BOMBIN DE CLUCHT CHEVROLET NPR (BOMBIN PPAL Y AUXILIAR) 1""";;;;;1,49;3,3;3,725;KIT DE REPARACION DE BOMBIN DE FRENO FP ;;FP
KB60001;KIT BOMBIN DE CLUCHT CHEVROLET NPR / MITSUBISHI CANTER (2GOMAS);;;;;0,64;1,4;1,6;KIT DE REPARACION DE BOMBIN DE FRENO FP ;;FP
KB60002;"KIT BOMBIN DE CLUCHT TOYOTA 5/8""";;;;;0,61;1,4;1,525;KIT DE REPARACION DE BOMBIN DE FRENO FP ;;FP
KB60003;"KIT BOMBIN CLUCHT MAZDA/FORD (AUTO) 5/8"" GOMA BAJA";;;;;0,61;1,4;1,525;KIT DE REPARACION DE BOMBIN DE FRENO FP ;;FP
KB60004;"KIT BOMBIN CLUCHT MAZDA/FORD (AUTO) 5/8"" GOMA ALTA";;;;;0,61;1,4;1,525;KIT DE REPARACION DE BOMBIN DE FRENO FP ;;FP
KB60005;"KIT BOMBIN CLUCHT TOYOTA TERIOS 13/16""2 GOMAS (BOMBIN SUPERIOR)";;;;;0,64;1,4;1,6;KIT DE REPARACION DE BOMBIN DE FRENO FP ;;FP
KB60006;KIT BOMBIN CLUCHT FORD F, FIESTA POWER (BALITA) 3GOMAS ;;;;;0,97;2,2;2,425;KIT DE REPARACION DE BOMBIN DE FRENO FP ;;FP
KB60007;"KIT BOMBIN CLUCHT FORD CARGO  SUPERIOR 1"" (1 GUARDAPOLVO, 2 GOMAS) ";;;;;1,36;3,0;3,4;KIT DE REPARACION DE BOMBIN DE FRENO FP ;;FP
KB60030-A;"KIT BOMBIN CLUCHT TOYOTA MACHITO / BURBUJA 3/4"" (2 GOMAS GRUESAS)";;;;;1,49;3,3;3,725;KIT DE REPARACION DE BOMBIN DE FRENO FP ;;FP
KB60030-B;"KIT BOMBIN CLUCHT TOYOTA 2F, SAMURAY 3/4"" (2 GOMAS GRUESA)";;;;;1,49;3,3;3,725;KIT DE REPARACION DE BOMBIN DE FRENO FP ;;FP
KB60030-C;"KIT BOMBIN CLUCHT TOYOTA 2F, SAMURAY 3/4"" (2 GOMAS FINA)";;;;;1,49;3,3;3,725;KIT DE REPARACION DE BOMBIN DE FRENO FP ;;FP
SG-KB60050;"KIT BOMBIN CLUCHT TOYOTA 2F/3F 13/16"" (SOLO GOMAS)";;;;;1,49;3,3;3,725;KIT DE REPARACION DE BOMBIN DE FRENO FP ;;FP
SG-KB60050-B;"KIT BOMBIN CLUCHT TOYOTA 2F/3F 13/16"" (SOLO GOMAS) HUECO PEQUEÑO";;;;;1,17;2,6;2,925;KIT DE REPARACION DE BOMBIN DE FRENO FP ;;FP
SG-KB60100;"KIT BOMBIN DE CLUCHT TOYOTA 7/8"" (SOLO GOMAS)";;;;;1,09;2,4;2,725;KIT DE REPARACION DE BOMBIN DE FRENO FP ;;FP
SG-KB60011;"KIT BOMBIN CLUCHT TOYOTA COMUNAL/DYNA (INF 3/4"") (SOLO GOMAS)";;;;;1,94;4,3;4,85;KIT DE REPARACION DE BOMBIN DE FRENO FP ;;FP
KB22150;KIT REPARTACION BOMBIN DE CLUCHT TOYOTA HILUX 95/01, 4RUNNER 13/16¨;;;;;1,61;3,6;4,025;KIT DE REPARACION DE BOMBIN DE FRENO FP ;;FP
KB60030C;"KIT BOMBIN CLUCHT TOYOTA MACHITO / BURBUJA 3/4"" (2 GOMAS) GOMA FINA";;;;;1,61;3,6;4,025;KIT DE REPARACION DE BOMBIN DE FRENO FP ;;FP
KB17030;"KIT BOMBIN DE CLUCHT TOYOTA AVILA 5/8""(2 GOMAS)";;;;;1,09;2,4;2,725;KIT DE REPARACION DE BOMBIN DE FRENO FP ;;FP
KB170301;"KIT BOMBIN DE CLUCHT TOYOTA AVILA 5/8""(PISTON Y GOMAS)";;;;;12,93;28,7;32,325;KIT DE REPARACION DE BOMBIN DE FRENO FP ;;FP
KB1470;"KIT REPARACION CLUCHT/SALVA CLUCHTNPR,ENCAVA,IVECO 7/8""";;;;;1,94;4,3;4,85;KIT DE REPARACION DE BOMBIN DE FRENO FP ;;FP
KB0027;KIT REPARACION AIR MASTER ENCAVA (4 GOMAS);;;;;3,64;8,1;9,1;KIT DE REPARACION DE BOMBIN DE FRENO FP ;;FP
;;;;;;;;;;;
;;;;;;;;;;;
KIT DE REPARACION PARA CILINDROS DE FRENO NACIONAL FP (SOLO GOMAS);;;;;;;;;;;
Referencia;Descripción ;;;;;P.V.P $;CARACAS;ORIENTE;;;FP
KC55728;"KIT DE CILINDRO ENCAVA 32 PTOS 1-1/12"" TRASERO  4 PIEZAS";;;;;3,31;7,4;8,275;KIT DE REPARACION DE CILINDRO DE FRENO FP;;FP
KC55727;"KIT DE CILINDRO ENCAVA 32 PTOS DEL  1-7/16"" ( 2 PIEZAS)";;;;;1,97;4,4;4,925;KIT DE REPARACION DE CILINDRO DE FRENO FP;;FP
KC55737;"KIT DE CILINDRO ENCAVA 32 PTOS DEL  1-7/16"" ( 2 PIEZAS) GOMA PLANA Y GUARDAPOLVO";;;;;1,97;4,4;4,925;KIT DE REPARACION DE CILINDRO DE FRENO FP;;FP
KC5670;"KIT DE CILINDRO ENCAVA E-NT 900 ECOLOGICO 1 3/8"" (8 PZAS)";;;;;5,28;11,7;13,2;KIT DE REPARACION DE CILINDRO DE FRENO FP;;FP
KC26940;"KIT DE CILINDRO GM NPR / MITSUBISHI CANTER DEL 1  3/16""  (4 PZAS)";;;;;2,55;5,7;6,375;KIT DE REPARACION DE CILINDRO DE FRENO FP;;FP
KC26930;"KIT DE CILINDRO GM NPR TRAS 1  5/16""  (4 PZAS)";;;;;2,55;5,7;6,375;KIT DE REPARACION DE CILINDRO DE FRENO FP;;FP
KC640;"KIT DE CILINDRO TOYOTA COMUNAL  1-1/8""";;;;;1,5;3,3;3,75;KIT DE REPARACION DE CILINDRO DE FRENO FP;;FP
KC650;"KIT DE CILINDRO TOYOTA COMUNAL  1""";;;;;1,5;3,3;3,75;KIT DE REPARACION DE CILINDRO DE FRENO FP;;FP
KC2620;"KIT DE CILINDRO CHEVETTE/MONZA/CORSA 3/4""";;;;;1,3;2,9;3,25;KIT DE REPARACION DE CILINDRO DE FRENO FP;;FP
KC116229;KIT DE CILINDRO FORD FESTIVA;;;;;1,17;2,6;2,925;KIT DE REPARACION DE CILINDRO DE FRENO FP;;FP
KC214552;"KIT CILINDRO TOYOTA TERIOS 13/16""";;;;;1,17;2,6;2,925;KIT DE REPARACION DE CILINDRO DE FRENO FP;;FP
KC4015;KIT DE CILINDRO GM CHEVETTE 3/4;;;;;1,7;3,8;4,25;KIT DE REPARACION DE CILINDRO DE FRENO FP;;FP
KC4045;"KIT DE CILINDRO FORD SIERRA 7/8""";;;;;1,4;3,1;3,5;KIT DE REPARACION DE CILINDRO DE FRENO FP;;FP
KC940;"KIT CILINDRO RENAULT TWINGOO 13/16""";;;;;1,4;3,1;3,5;KIT DE REPARACION DE CILINDRO DE FRENO FP;;FP
KC1130;"KIT DE CILINDRO FORD FIESTA/TOYOTA COROLLA 11/16"" (TAIWANES HUECO
CORTO)";;;;;1,5;3,3;3,75;KIT DE REPARACION DE CILINDRO DE FRENO FP;;FP
KC19155;"KIT CILINDRO TOYOTA COROLLA 3/4""";;;;;1,4;3,1;3,5;KIT DE REPARACION DE CILINDRO DE FRENO FP;;FP
KC16020;KIT CILINDRO TOYOTA COROLLA 11/16 (GOMA BAJA);;;;;1,4;3,1;3,5;KIT DE REPARACION DE CILINDRO DE FRENO FP;;FP
KC16030;KIT CILINDRO TOYOTA COROLLA 11/16 (GOMA ALTA);;;;;1,6;3,6;4;KIT DE REPARACION DE CILINDRO DE FRENO FP;;FP
KC4050;"KIT DE CILINDRO FORD SIERRA 7/8""";;;;;1,5;3,3;3,75;KIT DE REPARACION DE CILINDRO DE FRENO FP;;FP
KC3000;"KIT DE CILINDRO MITSUBISHI  CANTER 1-1/4"" (4 GOMAS)";;;;;2,55;5,7;6,375;KIT DE REPARACION DE CILINDRO DE FRENO FP;;FP
KC4690;"KIT DE CILINDRO HYUNDAI ACCENT/EXCEL, MAZDA 13/16""";;;;;1,3;2,9;3,25;KIT DE REPARACION DE CILINDRO DE FRENO FP;;FP
KC4051;"KIT DE CILINDRO SUZUKI GRAND VITARA 7/8""";;;;;1,5;3,3;3,75;KIT DE REPARACION DE CILINDRO DE FRENO FP;;FP
KC70810;"KIT DE CILINDRO SWIFT, NEON 11/16""";;;;;1,3;2,9;3,25;KIT DE REPARACION DE CILINDRO DE FRENO FP;;FP
KC920;"KIT DE CILINDRO RENAULT R5/R11/R18 (2000)/FUEGO (2000) 7/8""";;;;;1,2;2,7;3;KIT DE REPARACION DE CILINDRO DE FRENO FP;;FP
KC930;"KIT DE CILINDRO R19/ENEREGY (MODELO NUEVO) 13/16""";;;;;1,3;2,9;3,25;KIT DE REPARACION DE CILINDRO DE FRENO FP;;FP
KC13380;"KIT DE CILINDRO HYINDAI EXCEL 11/16""";;;;;1,4;3,1;3,5;KIT DE REPARACION DE CILINDRO DE FRENO FP;;FP
KC069-4;"KIT DE CILINDRO FIAT 147 TIPO VARGA 3/4""";;;;;1,4;3,1;3,5;KIT DE REPARACION DE CILINDRO DE FRENO FP;;FP
KC10742;"KIT DE CILINDRO GM LUV D-MAX 7/8""";;;;;1,5;3,3;3,75;KIT DE REPARACION DE CILINDRO DE FRENO FP;;FP
KC46100;"KIT DE MAZDA 626 3/4"" TIPO ANILLO";;;;;1,4;3,1;3,5;KIT DE REPARACION DE CILINDRO DE FRENO FP;;FP
KC70807;"KIT DE FORD K 13/16""";;;;;1,3;2,9;3,25;KIT DE REPARACION DE CILINDRO DE FRENO FP;;FP
KC57531;"KIT DE CILINDRO FVR 1-3/4""";;;;;;;;;;
;;;;;;;;;;;
;;;;;;;;;;;
KIT DE RESORTES DE BANDA DE FRENO;;;;;;;;;;;
Referencia;Descripción ;;;;;P.V.P $;CARACAS;ORIENTE;;;
KR918;KIT DE RESORTES TRAS CHRYSLER NEON. 2 RDAS;;;;;5,25;11,67;13,125;KIT DE RESORTES DE BANDA ;;
KR922;KIT DE RESORTES TRAS DAEWOO CIELO / LANOS. 2 RDAS;;;;;5,25;11,67;13,125;KIT DE RESORTES DE BANDA ;;
KR929C;KIT DE RESORTES TRAS DODGE AUTO SIST. AMERICANO. 2 RDAS;;;;;5,25;11,67;13,125;KIT DE RESORTES DE BANDA ;;
KR929;KIT DE RESORTES TRAS DODGE AUTO SIST. ARGENTINO. 2 RDAS;;;;;5,25;11,67;13,125;KIT DE RESORTES DE BANDA ;;
KR912A;KIT DE RESORTES TRAS FIAT 1. 2 RDAS;;;;;5,25;11,67;13,125;KIT DE RESORTES DE BANDA ;;
KR912P;KIT DE RESORTES TRAS FIAT PALIO / SIENA. 2 RDAS;;;;;6,93;15,40;17,325;KIT DE RESORTES DE BANDA ;;
KR15458;KIT DE RESORTES TRAS FORD F-350 / TRITON / DODGE D-300;;;;;17,25;38,33;43,125;KIT DE RESORTES DE BANDA ;;
KR914A;KIT DE RESORTES TRAS FORD F100 / F150 CON G/A. 2 RDAS;;;;;5,25;11,67;13,125;KIT DE RESORTES DE BANDA ;;
KR914M;KIT DE RESORTES TRAS FORD F100 / F150 CON G/M. 2 RDAS;;;;;5,25;11,67;13,125;KIT DE RESORTES DE BANDA ;;
KR914B;KIT DE RESORTES TRAS FORD F150 / GALAXIE. 2 RDAS;;;;;5,25;11,67;13,125;KIT DE RESORTES DE BANDA ;;
KR919;KIT DE RESORTES TRAS FORD FESTIVA. 2 RDAS;;;;;5,25;11,67;13,125;KIT DE RESORTES DE BANDA ;;
KR931V;KIT DE RESORTES TRAS FORD FIESTA MODELO VIEJO. 2 RDAS;;;;;5,25;11,67;13,125;KIT DE RESORTES DE BANDA ;;
KR931;KIT DE RESORTES TRAS FORD FIESTA POWER. 2 RDAS;;;;;5,25;11,67;13,125;KIT DE RESORTES DE BANDA ;;
KR9012;KIT DE RESORTES TRAS FORD SIERRA. 2 RDAS;;;;;5,25;11,67;13,125;KIT DE RESORTES DE BANDA ;;
KR921;KIT DE RESORTES TRAS FORD ZEPHYR / MAVERICK. 2 RDAS;;;;;5,25;11,67;13,125;KIT DE RESORTES DE BANDA ;;
KR934;KIT DE RESORTES TRAS GM AVEO. 2 RDAS;;;;;5,25;11,67;13,125;KIT DE RESORTES DE BANDA ;;
KR917;KIT DE RESORTES TRAS GM C-1500 / GRAND BLAZER. 2 RDAS;;;;;5,25;11,67;13,125;KIT DE RESORTES DE BANDA ;;
KR911;KIT DE RESORTES TRAS GM C-30. 2 RDAS;;;;;5,25;11,67;13,125;KIT DE RESORTES DE BANDA ;;
KR908;KIT DE RESORTES TRAS GM CENTURY / CELEBRITY. 2 RDAS;;;;;5,25;11,67;13,125;KIT DE RESORTES DE BANDA ;;
KR9034;KIT DE RESORTES TRAS GM CHEVETTE. 2 RDAS;;;;;5,25;11,67;13,125;KIT DE RESORTES DE BANDA ;;
KR923;KIT DE RESORTES TRAS GM CORSA 97-99. 2 RDAS;;;;;5,25;11,67;13,125;KIT DE RESORTES DE BANDA ;;
KR910;KIT DE RESORTES TRAS GM MALIBU 77. 2 RDAS;;;;;5,25;11,67;13,125;KIT DE RESORTES DE BANDA ;;
KR920;KIT DE RESORTES TRAS GM MALIBU 79-84 / MONTE CARLO 79-84. 2 RDAS;;;;;5,25;11,67;13,125;KIT DE RESORTES DE BANDA ;;
KR915;KIT DE RESORTES TRAS GM PICK-UP / C-10. 2 RDAS;;;;;5,25;11,67;13,125;KIT DE RESORTES DE BANDA ;;
KR930;KIT DE RESORTES TRAS GM SPARK / DAEWOO MATIZ. 2 RDAS;;;;;5,25;11,67;13,125;KIT DE RESORTES DE BANDA ;;
KR926;KIT DE RESORTES TRAS HIUNDAY ACCENT / EXCEL. 2 RDAS;;;;;5,25;11,67;13,125;KIT DE RESORTES DE BANDA ;;
KR913L;KIT DE RESORTES TRAS RENAULT LOGAN. 2RDAS;;;;;5,25;11,67;13,125;KIT DE RESORTES DE BANDA ;;
KR913E;KIT DE RESORTES TRAS RENAULT R-19. 2 RDAS;;;;;5,25;11,67;13,125;KIT DE RESORTES DE BANDA ;;
KR924;KIT DE RESORTES TRAS TOYOTA MACHO / SAMURAY. 2 RDAS;;;;;5,25;11,67;13,125;KIT DE RESORTES DE BANDA ;;
KR916;KIT DE RSORTES TRAS TOYOTA COROLLA AVILA / ARAYA / SKY. 2 RDAS;;;;;5,25;11,67;13,125;KIT DE RESORTES DE BANDA ;;
;;;;;;;;;;;
;;;;;;;;;;;
KIT DE REPARACION HIDROVACK (MARCA MBM);;;;;;;;;;;
Referencia;Descripción ;;;;;P.V.P $;CARACAS;ORIENTE;KIT DE REPARACION HIDROVACK ;;MBM
KT2235;KIT HIDROVACK FORD F-600 (AMERICANO);;;;;27,56;61,24444444;68,9;;;
;;;;;;;;;;;
;;;;;;;;;;;
KIT DE REPARACION VALVULA DE FRENO AIRE QR1 (NACIONAL FP);;;;;;;;;;;
Referencia;Descripción ;;;;;P.V.P $;CARACAS;ORIENTE;;;
KVQR1;KIT DE VALVULA REGULADORA QR1;;;;;2,67;5,933333333;6,675;KIT DE REPARACION VALVULAS FRENO DE AIRE ;;FP
;;;;;;;;;;;
;;;;;;;;;;;
LEVAS DE GRADUACION AUTOMATICA;;;;;;;;;;;
Referencia;Descripción ;;;;;P.V.P $;CARACAS;ORIENTE;;;
LF240;LEVA GRADUACION AUTOMATICA FORD AUTO TODOS DERECHA;;;;;4,33;9,622222222;10,825;LEVAS DE GRADUACION AUTOMATICA ;;
LF250;LEVA GRADUACION AUTOMATICA FORD AUTOS TODOIZQUIERDA;;;;;4,33;9,622222222;10,825;LEVAS DE GRADUACION AUTOMATICA ;;
LF2076;"LEVA GRADUACION AUTOMATICA FORD F-350 / TRITON / DODGE D-300
DERECHA";;;;;4,33;9,622222222;10,825;LEVAS DE GRADUACION AUTOMATICA ;;
LF2077;"LEVA GRADUACION AUTOMATICA FORD F-350 / TRITON / DODGE D-300
IZQUIERDA";;;;;4,33;9,622222222;10,825;LEVAS DE GRADUACION AUTOMATICA ;;
LF260;LEVA GRADUACION AUTOMATICA GM GRAND BLAZER / C-1500 DERECHA;;;;;4,33;9,622222222;10,825;LEVAS DE GRADUACION AUTOMATICA ;;
LF270;LEVA GRADUACION AUTOMATICA GM GRAND BLAZER / C-1500 IZQUIERDA;;;;;4,33;9,622222222;10,825;LEVAS DE GRADUACION AUTOMATICA ;;
;;;;;;;;;;;
;;;;;;;;;;;
RESORTES PARA PULMON DE FRENO DE AIRE;;;;;;;;;;;
Referencia;Descripción ;;;;;P.V.P $;CARACAS;ORIENTE;;;
R536;RESORTE GRANDE PULMON FRENO DE AIRE.;;;;;4,57;10,15555556;11,425;RESORTES DE PULMON FRENO DE AIRE ;;
R537;RESORTE PQNO. PULMON FRENO DE AIRE.;;;;;4,57;10,15555556;11,425;RESORTES DE PULMON FRENO DE AIRE ;;
;;;;;;;;;;;
;;;;;;;;;;;
SELLOS DE COLLARIN ;;;;;;;;;;;
Referencia;Descripción ;;;;;P.V.P $;CARACAS;ORIENTE;;;FP
SC0037;SELLO COLLARIN CHERY ORINOCO;;;;;1,7;3,777777778;4,25;SELLOS DE COLLARIN ;;FP
SC0038;SELLO COLLARIN FIAT PALIO, SIENA, ADVENTURE 1.8;;;;;1,7;3,777777778;4,25;SELLOS DE COLLARIN ;;FP
SC0039;SELLO COLLARIN FORD EXPLORER RANGER, FORTALEZA;;;;;1,7;3,777777778;4,25;SELLOS DE COLLARIN ;;
